,,gaps,identities,mismatches,query_length,number_of_gaps,number_of_Ns,alignment_length,got,db,alignment_path
Arya-MN090240_cl0_it2.consensus_ivar,MN090240.1,0,9013,2,9015,0,1,9015,Arya,MN090240,./data/hybrid-vs-skiphybrid/hybrid-vs-ref//Arya.MN090240_cl0_it2.consensus_ivar.vs.MN090240.1.aln
Arya-MN090240_cl0_it2.consensus_ivar,MN090277.1,223,8731,281,9235,220,1,9235,Arya,MN090240,./data/hybrid-vs-skiphybrid/hybrid-vs-ref//Arya.MN090240_cl0_it2.consensus_ivar.vs.MN090277.1.aln
Arya-MN090277-MN090240_cl0_it2.consensus_ivar,MN090240.1,210,9015,0,9225,0,1,9225,Arya,MN090277-MN090240,./data/hybrid-vs-skiphybrid/hybrid-vs-ref//Arya.MN090277.MN090240_cl0_it2.consensus_ivar.vs.MN090240.1.aln
Arya-MN090277-MN090240_cl0_it2.consensus_ivar,MN090277.1,13,8940,282,9235,10,1,9235,Arya,MN090277-MN090240,./data/hybrid-vs-skiphybrid/hybrid-vs-ref//Arya.MN090277.MN090240_cl0_it2.consensus_ivar.vs.MN090277.1.aln
Arya-MN090277_cl0_it2.consensus_ivar,MN090240.1,210,9015,0,9225,0,1,9225,Arya,MN090277,./data/hybrid-vs-skiphybrid/hybrid-vs-ref//Arya.MN090277_cl0_it2.consensus_ivar.vs.MN090240.1.aln
Arya-MN090277_cl0_it2.consensus_ivar,MN090277.1,13,8940,282,9235,10,1,9235,Arya,MN090277,./data/hybrid-vs-skiphybrid/hybrid-vs-ref//Arya.MN090277_cl0_it2.consensus_ivar.vs.MN090277.1.aln
Arya-reference_cl0_it2.consensus_ivar,MN090240.1,3576,7242,1682,12500,91,22,12500,Arya,reference,./data/hybrid-vs-skiphybrid/hybrid-vs-ref//Arya.reference_cl0_it2.consensus_ivar.vs.MN090240.1.aln
Arya-reference_cl0_it2.consensus_ivar,MN090277.1,3539,7264,1787,12590,181,22,12590,Arya,reference,./data/hybrid-vs-skiphybrid/hybrid-vs-ref//Arya.reference_cl0_it2.consensus_ivar.vs.MN090277.1.aln
Arya-reference_cl1_it2.consensus_ivar,MN090240.1,449,9014,1,9464,0,339,9464,Arya,reference,./data/hybrid-vs-skiphybrid/hybrid-vs-ref//Arya.reference_cl1_it2.consensus_ivar.vs.MN090240.1.aln
Arya-reference_cl1_it2.consensus_ivar,MN090277.1,252,8778,444,9474,10,339,9474,Arya,reference,./data/hybrid-vs-skiphybrid/hybrid-vs-ref//Arya.reference_cl1_it2.consensus_ivar.vs.MN090277.1.aln
Arya-virosaurus_cl0_it2.consensus_ivar,MN090240.1,700,8955,17,9672,43,239,9672,Arya,virosaurus,./data/hybrid-vs-skiphybrid/hybrid-vs-ref//Arya.virosaurus_cl0_it2.consensus_ivar.vs.MN090240.1.aln
Arya-virosaurus_cl0_it2.consensus_ivar,MN090277.1,577,8747,395,9719,90,239,9719,Arya,virosaurus,./data/hybrid-vs-skiphybrid/hybrid-vs-ref//Arya.virosaurus_cl0_it2.consensus_ivar.vs.MN090277.1.aln
Arya-virosaurus_cl1_it2.consensus_ivar,MN090240.1,273,9014,1,9288,0,227,9288,Arya,virosaurus,./data/hybrid-vs-skiphybrid/hybrid-vs-ref//Arya.virosaurus_cl1_it2.consensus_ivar.vs.MN090240.1.aln
Arya-virosaurus_cl1_it2.consensus_ivar,MN090277.1,76,8778,444,9298,10,227,9298,Arya,virosaurus,./data/hybrid-vs-skiphybrid/hybrid-vs-ref//Arya.virosaurus_cl1_it2.consensus_ivar.vs.MN090277.1.aln
Bran-MN090188_cl0_it2.consensus_ivar,MN090277.1,176,9056,0,9232,176,0,9232,Bran,MN090188,./data/hybrid-vs-skiphybrid/hybrid-vs-ref//Bran.MN090188_cl0_it2.consensus_ivar.vs.MN090277.1.aln
Bran-MN090240_cl0_it2.consensus_ivar,MN090277.1,210,9002,20,9232,210,20,9232,Bran,MN090240,./data/hybrid-vs-skiphybrid/hybrid-vs-ref//Bran.MN090240_cl0_it2.consensus_ivar.vs.MN090277.1.aln
Bran-MN090277-MN090188_cl0_it2.consensus_ivar,MN090277.1,0,9231,1,9232,0,1,9232,Bran,MN090277-MN090188,./data/hybrid-vs-skiphybrid/hybrid-vs-ref//Bran.MN090277.MN090188_cl0_it2.consensus_ivar.vs.MN090277.1.aln
Bran-MN090277-MN090240_cl0_it2.consensus_ivar,MN090277.1,0,9231,1,9232,0,1,9232,Bran,MN090277-MN090240,./data/hybrid-vs-skiphybrid/hybrid-vs-ref//Bran.MN090277.MN090240_cl0_it2.consensus_ivar.vs.MN090277.1.aln
Bran-MN090277-MZ766668_cl0_it2.consensus_ivar,MN090277.1,0,9231,1,9232,0,1,9232,Bran,MN090277-MZ766668,./data/hybrid-vs-skiphybrid/hybrid-vs-ref//Bran.MN090277.MZ766668_cl0_it2.consensus_ivar.vs.MN090277.1.aln
Bran-MN090277_cl0_it2.consensus_ivar,MN090277.1,0,9231,1,9232,0,1,9232,Bran,MN090277,./data/hybrid-vs-skiphybrid/hybrid-vs-ref//Bran.MN090277_cl0_it2.consensus_ivar.vs.MN090277.1.aln
Bran-MZ766668_cl0_it2.consensus_ivar,MN090277.1,30,9202,0,9232,30,0,9232,Bran,MZ766668,./data/hybrid-vs-skiphybrid/hybrid-vs-ref//Bran.MZ766668_cl0_it2.consensus_ivar.vs.MN090277.1.aln
Bran-reference_cl0_it2.consensus_ivar,MN090277.1,29,9068,152,9249,12,169,9249,Bran,reference,./data/hybrid-vs-skiphybrid/hybrid-vs-ref//Bran.reference_cl0_it2.consensus_ivar.vs.MN090277.1.aln
Bran-virosaurus_cl0_it2.consensus_ivar,MN090277.1,63,9068,164,9295,0,227,9295,Bran,virosaurus,./data/hybrid-vs-skiphybrid/hybrid-vs-ref//Bran.virosaurus_cl0_it2.consensus_ivar.vs.MN090277.1.aln
Catelyn-MN090188_cl0_it2.consensus_ivar,MN090188.1,6,9045,8,9059,3,0,9059,Catelyn,MN090188,./data/hybrid-vs-skiphybrid/hybrid-vs-ref//Catelyn.MN090188_cl0_it2.consensus_ivar.vs.MN090188.1.aln
Catelyn-MN090188_cl0_it2.consensus_ivar,MN090277.1,176,9015,41,9232,176,0,9232,Catelyn,MN090188,./data/hybrid-vs-skiphybrid/hybrid-vs-ref//Catelyn.MN090188_cl0_it2.consensus_ivar.vs.MN090277.1.aln
Catelyn-MN090188_cl1_it2.consensus_ivar,MN090188.1,7188,2302,15,9505,6739,180,9505,Catelyn,MN090188,./data/hybrid-vs-skiphybrid/hybrid-vs-ref//Catelyn.MN090188_cl1_it2.consensus_ivar.vs.MN090188.1.aln
Catelyn-MN090188_cl1_it2.consensus_ivar,MN090277.1,7034,2467,15,9516,6750,180,9516,Catelyn,MN090188,./data/hybrid-vs-skiphybrid/hybrid-vs-ref//Catelyn.MN090188_cl1_it2.consensus_ivar.vs.MN090277.1.aln
Catelyn-MN090277-MN090188_cl0_it2.consensus_ivar,MN090188.1,179,9048,8,9235,0,1,9235,Catelyn,MN090277-MN090188,./data/hybrid-vs-skiphybrid/hybrid-vs-ref//Catelyn.MN090277.MN090188_cl0_it2.consensus_ivar.vs.MN090188.1.aln
Catelyn-MN090277-MN090188_cl0_it2.consensus_ivar,MN090277.1,3,9190,42,9235,0,1,9235,Catelyn,MN090277-MN090188,./data/hybrid-vs-skiphybrid/hybrid-vs-ref//Catelyn.MN090277.MN090188_cl0_it2.consensus_ivar.vs.MN090277.1.aln
Catelyn-MN090277_cl0_it2.consensus_ivar,MN090188.1,179,9048,8,9235,0,1,9235,Catelyn,MN090277,./data/hybrid-vs-skiphybrid/hybrid-vs-ref//Catelyn.MN090277_cl0_it2.consensus_ivar.vs.MN090188.1.aln
Catelyn-MN090277_cl0_it2.consensus_ivar,MN090277.1,3,9190,42,9235,0,1,9235,Catelyn,MN090277,./data/hybrid-vs-skiphybrid/hybrid-vs-ref//Catelyn.MN090277_cl0_it2.consensus_ivar.vs.MN090277.1.aln
Catelyn-reference_cl0_it2.consensus_ivar,MN090188.1,3654,6938,1972,12564,146,954,12564,Catelyn,reference,./data/hybrid-vs-skiphybrid/hybrid-vs-ref//Catelyn.reference_cl0_it2.consensus_ivar.vs.MN090188.1.aln
Catelyn-reference_cl0_it2.consensus_ivar,MN090277.1,3362,7032,2112,12506,88,954,12506,Catelyn,reference,./data/hybrid-vs-skiphybrid/hybrid-vs-ref//Catelyn.reference_cl0_it2.consensus_ivar.vs.MN090277.1.aln
Catelyn-reference_cl1_it2.consensus_ivar,MN090188.1,242,9045,11,9298,0,227,9298,Catelyn,reference,./data/hybrid-vs-skiphybrid/hybrid-vs-ref//Catelyn.reference_cl1_it2.consensus_ivar.vs.MN090188.1.aln
Catelyn-reference_cl1_it2.consensus_ivar,MN090277.1,66,9030,202,9298,0,227,9298,Catelyn,reference,./data/hybrid-vs-skiphybrid/hybrid-vs-ref//Catelyn.reference_cl1_it2.consensus_ivar.vs.MN090277.1.aln
Catelyn-virosaurus_cl1_it2.consensus_ivar,MN090188.1,927,8498,283,9708,275,336,9708,Catelyn,virosaurus,./data/hybrid-vs-skiphybrid/hybrid-vs-ref//Catelyn.virosaurus_cl1_it2.consensus_ivar.vs.MN090188.1.aln
Catelyn-virosaurus_cl1_it2.consensus_ivar,MN090277.1,767,8521,428,9716,283,336,9716,Catelyn,virosaurus,./data/hybrid-vs-skiphybrid/hybrid-vs-ref//Catelyn.virosaurus_cl1_it2.consensus_ivar.vs.MN090277.1.aln
Catelyn-virosaurus_cl2_it2.consensus_ivar,MN090188.1,242,9045,11,9298,0,227,9298,Catelyn,virosaurus,./data/hybrid-vs-skiphybrid/hybrid-vs-ref//Catelyn.virosaurus_cl2_it2.consensus_ivar.vs.MN090188.1.aln
Catelyn-virosaurus_cl2_it2.consensus_ivar,MN090277.1,66,9030,202,9298,0,227,9298,Catelyn,virosaurus,./data/hybrid-vs-skiphybrid/hybrid-vs-ref//Catelyn.virosaurus_cl2_it2.consensus_ivar.vs.MN090277.1.aln
Daenerys-MN090277-MZ766668_cl0_it2.consensus_ivar,MZ766668.1,365,7568,1371,9304,72,1,9304,Daenerys,MN090277-MZ766668,./data/hybrid-vs-skiphybrid/hybrid-vs-ref//Daenerys.MN090277.MZ766668_cl0_it2.consensus_ivar.vs.MZ766668.1.aln
Daenerys-MN090277-MZ766668_cl0_it2.consensus_ivar,MN090277.1,0,9231,1,9232,0,1,9232,Daenerys,MN090277-MZ766668,./data/hybrid-vs-skiphybrid/hybrid-vs-ref//Daenerys.MN090277.MZ766668_cl0_it2.consensus_ivar.vs.MN090277.1.aln
Daenerys-MN090277-MZ766668_cl1_it2.consensus_ivar,MZ766668.1,44,8056,925,9025,30,0,9025,Daenerys,MN090277-MZ766668,./data/hybrid-vs-skiphybrid/hybrid-vs-ref//Daenerys.MN090277.MZ766668_cl1_it2.consensus_ivar.vs.MZ766668.1.aln
Daenerys-MN090277-MZ766668_cl1_it2.consensus_ivar,MN090277.1,359,8510,424,9293,298,0,9293,Daenerys,MN090277-MZ766668,./data/hybrid-vs-skiphybrid/hybrid-vs-ref//Daenerys.MN090277.MZ766668_cl1_it2.consensus_ivar.vs.MN090277.1.aln
Daenerys-MN090277_cl0_it2.consensus_ivar,MZ766668.1,365,7568,1371,9304,72,1,9304,Daenerys,MN090277,./data/hybrid-vs-skiphybrid/hybrid-vs-ref//Daenerys.MN090277_cl0_it2.consensus_ivar.vs.MZ766668.1.aln
Daenerys-MN090277_cl0_it2.consensus_ivar,MN090277.1,0,9231,1,9232,0,1,9232,Daenerys,MN090277,./data/hybrid-vs-skiphybrid/hybrid-vs-ref//Daenerys.MN090277_cl0_it2.consensus_ivar.vs.MN090277.1.aln
Daenerys-MN090277_cl1_it2.consensus_ivar,MZ766668.1,45,8055,925,9025,31,0,9025,Daenerys,MN090277,./data/hybrid-vs-skiphybrid/hybrid-vs-ref//Daenerys.MN090277_cl1_it2.consensus_ivar.vs.MZ766668.1.aln
Daenerys-MN090277_cl1_it2.consensus_ivar,MN090277.1,360,8509,424,9293,299,0,9293,Daenerys,MN090277,./data/hybrid-vs-skiphybrid/hybrid-vs-ref//Daenerys.MN090277_cl1_it2.consensus_ivar.vs.MN090277.1.aln
Daenerys-MZ766668_cl0_it2.consensus_ivar,MZ766668.1,255,7546,1358,9159,107,0,9159,Daenerys,MZ766668,./data/hybrid-vs-skiphybrid/hybrid-vs-ref//Daenerys.MZ766668_cl0_it2.consensus_ivar.vs.MZ766668.1.aln
Daenerys-MZ766668_cl0_it2.consensus_ivar,MN090277.1,180,9052,0,9232,180,0,9232,Daenerys,MZ766668,./data/hybrid-vs-skiphybrid/hybrid-vs-ref//Daenerys.MZ766668_cl0_it2.consensus_ivar.vs.MN090277.1.aln
Daenerys-MZ766668_cl1_it2.consensus_ivar,MZ766668.1,44,8056,925,9025,30,0,9025,Daenerys,MZ766668,./data/hybrid-vs-skiphybrid/hybrid-vs-ref//Daenerys.MZ766668_cl1_it2.consensus_ivar.vs.MZ766668.1.aln
Daenerys-MZ766668_cl1_it2.consensus_ivar,MN090277.1,359,8510,424,9293,298,0,9293,Daenerys,MZ766668,./data/hybrid-vs-skiphybrid/hybrid-vs-ref//Daenerys.MZ766668_cl1_it2.consensus_ivar.vs.MN090277.1.aln
Daenerys-reference_cl1_it2.consensus_ivar,MZ766668.1,565,8056,925,9546,30,521,9546,Daenerys,reference,./data/hybrid-vs-skiphybrid/hybrid-vs-ref//Daenerys.reference_cl1_it2.consensus_ivar.vs.MZ766668.1.aln
Daenerys-reference_cl1_it2.consensus_ivar,MN090277.1,592,8510,568,9670,154,521,9670,Daenerys,reference,./data/hybrid-vs-skiphybrid/hybrid-vs-ref//Daenerys.reference_cl1_it2.consensus_ivar.vs.MN090277.1.aln
Daenerys-reference_cl2_it2.consensus_ivar,MZ766668.1,416,7567,1378,9361,66,222,9361,Daenerys,reference,./data/hybrid-vs-skiphybrid/hybrid-vs-ref//Daenerys.reference_cl2_it2.consensus_ivar.vs.MZ766668.1.aln
Daenerys-reference_cl2_it2.consensus_ivar,MN090277.1,63,9068,164,9295,0,222,9295,Daenerys,reference,./data/hybrid-vs-skiphybrid/hybrid-vs-ref//Daenerys.reference_cl2_it2.consensus_ivar.vs.MN090277.1.aln
Daenerys-virosaurus_cl18_it2.consensus_ivar,MZ766668.1,416,7567,1378,9361,66,222,9361,Daenerys,virosaurus,./data/hybrid-vs-skiphybrid/hybrid-vs-ref//Daenerys.virosaurus_cl18_it2.consensus_ivar.vs.MZ766668.1.aln
Daenerys-virosaurus_cl18_it2.consensus_ivar,MN090277.1,63,9068,164,9295,0,222,9295,Daenerys,virosaurus,./data/hybrid-vs-skiphybrid/hybrid-vs-ref//Daenerys.virosaurus_cl18_it2.consensus_ivar.vs.MN090277.1.aln
Daenerys-virosaurus_cl3_it2.consensus_ivar,MZ766668.1,876,8025,963,9864,23,598,9864,Daenerys,virosaurus,./data/hybrid-vs-skiphybrid/hybrid-vs-ref//Daenerys.virosaurus_cl3_it2.consensus_ivar.vs.MZ766668.1.aln
Daenerys-virosaurus_cl3_it2.consensus_ivar,MN090277.1,751,8649,512,9912,71,598,9912,Daenerys,virosaurus,./data/hybrid-vs-skiphybrid/hybrid-vs-ref//Daenerys.virosaurus_cl3_it2.consensus_ivar.vs.MN090277.1.aln
Eddard-MN090188_cl0_it2.consensus_ivar,MN090188.1,6,9004,49,9059,3,0,9059,Eddard,MN090188,./data/hybrid-vs-skiphybrid/hybrid-vs-ref//Eddard.MN090188_cl0_it2.consensus_ivar.vs.MN090188.1.aln
Eddard-MN090188_cl0_it2.consensus_ivar,MN090277.1,176,9056,0,9232,176,0,9232,Eddard,MN090188,./data/hybrid-vs-skiphybrid/hybrid-vs-ref//Eddard.MN090188_cl0_it2.consensus_ivar.vs.MN090277.1.aln
Eddard-MN090277-MN090188_cl0_it2.consensus_ivar,MN090188.1,182,9004,49,9235,3,1,9235,Eddard,MN090277-MN090188,./data/hybrid-vs-skiphybrid/hybrid-vs-ref//Eddard.MN090277.MN090188_cl0_it2.consensus_ivar.vs.MN090188.1.aln
Eddard-MN090277-MN090188_cl0_it2.consensus_ivar,MN090277.1,0,9231,1,9232,0,1,9232,Eddard,MN090277-MN090188,./data/hybrid-vs-skiphybrid/hybrid-vs-ref//Eddard.MN090277.MN090188_cl0_it2.consensus_ivar.vs.MN090277.1.aln
Eddard-MN090277_cl0_it2.consensus_ivar,MN090188.1,182,9004,49,9235,3,1,9235,Eddard,MN090277,./data/hybrid-vs-skiphybrid/hybrid-vs-ref//Eddard.MN090277_cl0_it2.consensus_ivar.vs.MN090188.1.aln
Eddard-MN090277_cl0_it2.consensus_ivar,MN090277.1,0,9231,1,9232,0,1,9232,Eddard,MN090277,./data/hybrid-vs-skiphybrid/hybrid-vs-ref//Eddard.MN090277_cl0_it2.consensus_ivar.vs.MN090277.1.aln
Eddard-reference_cl0_it2.consensus_ivar,MN090188.1,3472,6804,2199,12475,53,814,12475,Eddard,reference,./data/hybrid-vs-skiphybrid/hybrid-vs-ref//Eddard.reference_cl0_it2.consensus_ivar.vs.MN090188.1.aln
Eddard-reference_cl0_it2.consensus_ivar,MN090277.1,3480,6926,2161,12567,145,814,12567,Eddard,reference,./data/hybrid-vs-skiphybrid/hybrid-vs-ref//Eddard.reference_cl0_it2.consensus_ivar.vs.MN090277.1.aln
Eddard-reference_cl1_it2.consensus_ivar,MN090188.1,245,9004,49,9298,3,227,9298,Eddard,reference,./data/hybrid-vs-skiphybrid/hybrid-vs-ref//Eddard.reference_cl1_it2.consensus_ivar.vs.MN090188.1.aln
Eddard-reference_cl1_it2.consensus_ivar,MN090277.1,63,9068,164,9295,0,227,9295,Eddard,reference,./data/hybrid-vs-skiphybrid/hybrid-vs-ref//Eddard.reference_cl1_it2.consensus_ivar.vs.MN090277.1.aln
Eddard-virosaurus_cl0_it2.consensus_ivar,MN090188.1,245,9004,49,9298,3,227,9298,Eddard,virosaurus,./data/hybrid-vs-skiphybrid/hybrid-vs-ref//Eddard.virosaurus_cl0_it2.consensus_ivar.vs.MN090188.1.aln
Eddard-virosaurus_cl0_it2.consensus_ivar,MN090277.1,63,9068,164,9295,0,227,9295,Eddard,virosaurus,./data/hybrid-vs-skiphybrid/hybrid-vs-ref//Eddard.virosaurus_cl0_it2.consensus_ivar.vs.MN090277.1.aln
Jaime-MN090277-MZ766668_cl0_it2.consensus_ivar,MZ766668.1,308,8521,417,9246,73,1,9246,Jaime,MN090277-MZ766668,./data/hybrid-vs-skiphybrid/hybrid-vs-ref//Jaime.MN090277.MZ766668_cl0_it2.consensus_ivar.vs.MZ766668.1.aln
Jaime-MN090277-MZ766668_cl0_it2.consensus_ivar,MN090277.1,75,8218,947,9240,67,1,9240,Jaime,MN090277-MZ766668,./data/hybrid-vs-skiphybrid/hybrid-vs-ref//Jaime.MN090277.MZ766668_cl0_it2.consensus_ivar.vs.MN090277.1.aln
Jaime-MN090277-MZ766668_cl1_it2.consensus_ivar,MZ766668.1,5,8999,8,9012,4,0,9012,Jaime,MN090277-MZ766668,./data/hybrid-vs-skiphybrid/hybrid-vs-ref//Jaime.MN090277.MZ766668_cl1_it2.consensus_ivar.vs.MZ766668.1.aln
Jaime-MN090277-MZ766668_cl1_it2.consensus_ivar,MN090277.1,360,7577,1363,9300,292,0,9300,Jaime,MN090277-MZ766668,./data/hybrid-vs-skiphybrid/hybrid-vs-ref//Jaime.MN090277.MZ766668_cl1_it2.consensus_ivar.vs.MN090277.1.aln
Jaime-MN090277_cl0_it2.consensus_ivar,MZ766668.1,308,8521,417,9246,73,1,9246,Jaime,MN090277,./data/hybrid-vs-skiphybrid/hybrid-vs-ref//Jaime.MN090277_cl0_it2.consensus_ivar.vs.MZ766668.1.aln
Jaime-MN090277_cl0_it2.consensus_ivar,MN090277.1,75,8218,947,9240,67,1,9240,Jaime,MN090277,./data/hybrid-vs-skiphybrid/hybrid-vs-ref//Jaime.MN090277_cl0_it2.consensus_ivar.vs.MN090277.1.aln
Jaime-MN090277_cl1_it2.consensus_ivar,MZ766668.1,9,8995,8,9012,8,0,9012,Jaime,MN090277,./data/hybrid-vs-skiphybrid/hybrid-vs-ref//Jaime.MN090277_cl1_it2.consensus_ivar.vs.MZ766668.1.aln
Jaime-MN090277_cl1_it2.consensus_ivar,MN090277.1,362,7575,1362,9299,295,0,9299,Jaime,MN090277,./data/hybrid-vs-skiphybrid/hybrid-vs-ref//Jaime.MN090277_cl1_it2.consensus_ivar.vs.MN090277.1.aln
Jaime-MZ766668_cl0_it2.consensus_ivar,MZ766668.1,256,8520,418,9194,73,0,9194,Jaime,MZ766668,./data/hybrid-vs-skiphybrid/hybrid-vs-ref//Jaime.MZ766668_cl0_it2.consensus_ivar.vs.MZ766668.1.aln
Jaime-MZ766668_cl0_it2.consensus_ivar,MN090277.1,127,8168,945,9240,119,0,9240,Jaime,MZ766668,./data/hybrid-vs-skiphybrid/hybrid-vs-ref//Jaime.MZ766668_cl0_it2.consensus_ivar.vs.MN090277.1.aln
Jaime-MZ766668_cl1_it2.consensus_ivar,MZ766668.1,5,8999,8,9012,4,0,9012,Jaime,MZ766668,./data/hybrid-vs-skiphybrid/hybrid-vs-ref//Jaime.MZ766668_cl1_it2.consensus_ivar.vs.MZ766668.1.aln
Jaime-MZ766668_cl1_it2.consensus_ivar,MN090277.1,360,7577,1363,9300,292,0,9300,Jaime,MZ766668,./data/hybrid-vs-skiphybrid/hybrid-vs-ref//Jaime.MZ766668_cl1_it2.consensus_ivar.vs.MN090277.1.aln
Jaime-reference_cl1_it2.consensus_ivar,MZ766668.1,717,8808,8,9533,195,521,9533,Jaime,reference,./data/hybrid-vs-skiphybrid/hybrid-vs-ref//Jaime.reference_cl1_it2.consensus_ivar.vs.MZ766668.1.aln
Jaime-reference_cl1_it2.consensus_ivar,MN090277.1,784,7403,1490,9677,339,521,9677,Jaime,reference,./data/hybrid-vs-skiphybrid/hybrid-vs-ref//Jaime.reference_cl1_it2.consensus_ivar.vs.MN090277.1.aln
Jaime-reference_cl2_it2.consensus_ivar,MZ766668.1,414,8495,434,9343,82,222,9343,Jaime,reference,./data/hybrid-vs-skiphybrid/hybrid-vs-ref//Jaime.reference_cl2_it2.consensus_ivar.vs.MZ766668.1.aln
Jaime-reference_cl2_it2.consensus_ivar,MN090277.1,103,8107,1088,9298,37,222,9298,Jaime,reference,./data/hybrid-vs-skiphybrid/hybrid-vs-ref//Jaime.reference_cl2_it2.consensus_ivar.vs.MN090277.1.aln
Jaime-virosaurus_cl1_it2.consensus_ivar,MZ766668.1,904,9011,0,9915,0,277,9915,Jaime,virosaurus,./data/hybrid-vs-skiphybrid/hybrid-vs-ref//Jaime.virosaurus_cl1_it2.consensus_ivar.vs.MZ766668.1.aln
Jaime-virosaurus_cl1_it2.consensus_ivar,MN090277.1,907,7598,1522,10027,112,277,10027,Jaime,virosaurus,./data/hybrid-vs-skiphybrid/hybrid-vs-ref//Jaime.virosaurus_cl1_it2.consensus_ivar.vs.MN090277.1.aln
Jaime-virosaurus_cl26_it2.consensus_ivar,MZ766668.1,404,8474,465,9343,72,222,9343,Jaime,virosaurus,./data/hybrid-vs-skiphybrid/hybrid-vs-ref//Jaime.virosaurus_cl26_it2.consensus_ivar.vs.MZ766668.1.aln
Jaime-virosaurus_cl26_it2.consensus_ivar,MN090277.1,93,8136,1069,9298,27,222,9298,Jaime,virosaurus,./data/hybrid-vs-skiphybrid/hybrid-vs-ref//Jaime.virosaurus_cl26_it2.consensus_ivar.vs.MN090277.1.aln
Jon-MN090240_cl0_it2.consensus_ivar,MN090240.1,13,8730,282,9025,3,1,9025,Jon,MN090240,./data/hybrid-vs-skiphybrid/hybrid-vs-ref//Jon.MN090240_cl0_it2.consensus_ivar.vs.MN090240.1.aln
Jon-MN090240_cl0_it2.consensus_ivar,MN090277.1,210,9021,1,9232,210,1,9232,Jon,MN090240,./data/hybrid-vs-skiphybrid/hybrid-vs-ref//Jon.MN090240_cl0_it2.consensus_ivar.vs.MN090277.1.aln
Jon-MN090240_cl1_it2.consensus_ivar,MN090240.1,7700,1875,74,9649,7066,0,9649,Jon,MN090240,./data/hybrid-vs-skiphybrid/hybrid-vs-ref//Jon.MN090240_cl1_it2.consensus_ivar.vs.MN090240.1.aln
Jon-MN090240_cl1_it2.consensus_ivar,MN090277.1,7579,2108,10,9697,7114,0,9697,Jon,MN090240,./data/hybrid-vs-skiphybrid/hybrid-vs-ref//Jon.MN090240_cl1_it2.consensus_ivar.vs.MN090277.1.aln
Jon-MN090277-MN090240_cl0_it2.consensus_ivar,MN090240.1,223,8731,281,9235,3,1,9235,Jon,MN090277-MN090240,./data/hybrid-vs-skiphybrid/hybrid-vs-ref//Jon.MN090277.MN090240_cl0_it2.consensus_ivar.vs.MN090240.1.aln
Jon-MN090277-MN090240_cl0_it2.consensus_ivar,MN090277.1,0,9231,1,9232,0,1,9232,Jon,MN090277-MN090240,./data/hybrid-vs-skiphybrid/hybrid-vs-ref//Jon.MN090277.MN090240_cl0_it2.consensus_ivar.vs.MN090277.1.aln
Jon-MN090277-MN090240_cl1_it2.consensus_ivar,MN090240.1,7699,1875,74,9648,7066,0,9648,Jon,MN090277-MN090240,./data/hybrid-vs-skiphybrid/hybrid-vs-ref//Jon.MN090277.MN090240_cl1_it2.consensus_ivar.vs.MN090240.1.aln
Jon-MN090277-MN090240_cl1_it2.consensus_ivar,MN090277.1,7578,2108,10,9696,7114,0,9696,Jon,MN090277-MN090240,./data/hybrid-vs-skiphybrid/hybrid-vs-ref//Jon.MN090277.MN090240_cl1_it2.consensus_ivar.vs.MN090277.1.aln
Jon-MN090277_cl0_it2.consensus_ivar,MN090240.1,223,8731,281,9235,3,1,9235,Jon,MN090277,./data/hybrid-vs-skiphybrid/hybrid-vs-ref//Jon.MN090277_cl0_it2.consensus_ivar.vs.MN090240.1.aln
Jon-MN090277_cl0_it2.consensus_ivar,MN090277.1,0,9231,1,9232,0,1,9232,Jon,MN090277,./data/hybrid-vs-skiphybrid/hybrid-vs-ref//Jon.MN090277_cl0_it2.consensus_ivar.vs.MN090277.1.aln
Jon-MN090277_cl1_it2.consensus_ivar,MN090240.1,7699,1875,74,9648,7066,0,9648,Jon,MN090277,./data/hybrid-vs-skiphybrid/hybrid-vs-ref//Jon.MN090277_cl1_it2.consensus_ivar.vs.MN090240.1.aln
Jon-MN090277_cl1_it2.consensus_ivar,MN090277.1,7578,2108,10,9696,7114,0,9696,Jon,MN090277,./data/hybrid-vs-skiphybrid/hybrid-vs-ref//Jon.MN090277_cl1_it2.consensus_ivar.vs.MN090277.1.aln
Jon-reference_cl0_it2.consensus_ivar,MN090240.1,3655,7129,1758,12542,128,81,12542,Jon,reference,./data/hybrid-vs-skiphybrid/hybrid-vs-ref//Jon.reference_cl0_it2.consensus_ivar.vs.MN090240.1.aln
Jon-reference_cl0_it2.consensus_ivar,MN090277.1,3522,7305,1757,12584,170,81,12584,Jon,reference,./data/hybrid-vs-skiphybrid/hybrid-vs-ref//Jon.reference_cl0_it2.consensus_ivar.vs.MN090277.1.aln
Jon-reference_cl3_it2.consensus_ivar,MN090240.1,462,8730,282,9474,3,401,9474,Jon,reference,./data/hybrid-vs-skiphybrid/hybrid-vs-ref//Jon.reference_cl3_it2.consensus_ivar.vs.MN090240.1.aln
Jon-reference_cl3_it2.consensus_ivar,MN090277.1,239,9069,163,9471,0,401,9471,Jon,reference,./data/hybrid-vs-skiphybrid/hybrid-vs-ref//Jon.reference_cl3_it2.consensus_ivar.vs.MN090277.1.aln
Jon-reference_cl43_it2.consensus_ivar,MN090240.1,7699,1875,74,9648,7066,0,9648,Jon,reference,./data/hybrid-vs-skiphybrid/hybrid-vs-ref//Jon.reference_cl43_it2.consensus_ivar.vs.MN090240.1.aln
Jon-reference_cl43_it2.consensus_ivar,MN090277.1,7578,2108,10,9696,7114,0,9696,Jon,reference,./data/hybrid-vs-skiphybrid/hybrid-vs-ref//Jon.reference_cl43_it2.consensus_ivar.vs.MN090277.1.aln
Jon-virosaurus_cl0_it2.consensus_ivar,MN090240.1,754,8731,281,9766,3,693,9766,Jon,virosaurus,./data/hybrid-vs-skiphybrid/hybrid-vs-ref//Jon.virosaurus_cl0_it2.consensus_ivar.vs.MN090240.1.aln
Jon-virosaurus_cl0_it2.consensus_ivar,MN090277.1,531,9070,162,9763,0,693,9763,Jon,virosaurus,./data/hybrid-vs-skiphybrid/hybrid-vs-ref//Jon.virosaurus_cl0_it2.consensus_ivar.vs.MN090277.1.aln
Jon-virosaurus_cl14_it2.consensus_ivar,MN090240.1,299,8359,467,9125,189,295,9125,Jon,virosaurus,./data/hybrid-vs-skiphybrid/hybrid-vs-ref//Jon.virosaurus_cl14_it2.consensus_ivar.vs.MN090240.1.aln
Jon-virosaurus_cl14_it2.consensus_ivar,MN090277.1,296,8641,295,9232,296,295,9232,Jon,virosaurus,./data/hybrid-vs-skiphybrid/hybrid-vs-ref//Jon.virosaurus_cl14_it2.consensus_ivar.vs.MN090277.1.aln
Jon-virosaurus_cl20_it2.consensus_ivar,MN090240.1,7700,1875,74,9649,7066,0,9649,Jon,virosaurus,./data/hybrid-vs-skiphybrid/hybrid-vs-ref//Jon.virosaurus_cl20_it2.consensus_ivar.vs.MN090240.1.aln
Jon-virosaurus_cl20_it2.consensus_ivar,MN090277.1,7579,2108,10,9697,7114,0,9697,Jon,virosaurus,./data/hybrid-vs-skiphybrid/hybrid-vs-ref//Jon.virosaurus_cl20_it2.consensus_ivar.vs.MN090277.1.aln
Jon-virosaurus_cl6_it2.consensus_ivar,MN090240.1,286,8730,282,9298,3,227,9298,Jon,virosaurus,./data/hybrid-vs-skiphybrid/hybrid-vs-ref//Jon.virosaurus_cl6_it2.consensus_ivar.vs.MN090240.1.aln
Jon-virosaurus_cl6_it2.consensus_ivar,MN090277.1,63,9067,165,9295,0,227,9295,Jon,virosaurus,./data/hybrid-vs-skiphybrid/hybrid-vs-ref//Jon.virosaurus_cl6_it2.consensus_ivar.vs.MN090277.1.aln
Jorah-MN090277-MZ766668_cl1_it2.consensus_ivar,MZ766668.1,0,9010,1,9011,0,1,9011,Jorah,MN090277-MZ766668,./data/hybrid-vs-skiphybrid/hybrid-vs-ref//Jorah.MN090277.MZ766668_cl1_it2.consensus_ivar.vs.MZ766668.1.aln
Jorah-MN090277_cl1_it2.consensus_ivar,MZ766668.1,1,9010,0,9011,1,0,9011,Jorah,MN090277,./data/hybrid-vs-skiphybrid/hybrid-vs-ref//Jorah.MN090277_cl1_it2.consensus_ivar.vs.MZ766668.1.aln
Jorah-MZ766668_cl0_it2.consensus_ivar,MZ766668.1,0,9010,1,9011,0,1,9011,Jorah,MZ766668,./data/hybrid-vs-skiphybrid/hybrid-vs-ref//Jorah.MZ766668_cl0_it2.consensus_ivar.vs.MZ766668.1.aln
Jorah-reference_cl0_it2.consensus_ivar,MZ766668.1,521,9010,1,9532,0,522,9532,Jorah,reference,./data/hybrid-vs-skiphybrid/hybrid-vs-ref//Jorah.reference_cl0_it2.consensus_ivar.vs.MZ766668.1.aln
Jorah-virosaurus_cl2_it2.consensus_ivar,MZ766668.1,214,8908,0,9122,103,76,9122,Jorah,virosaurus,./data/hybrid-vs-skiphybrid/hybrid-vs-ref//Jorah.virosaurus_cl2_it2.consensus_ivar.vs.MZ766668.1.aln
Rickon-MN090188_cl0_it2.consensus_ivar,MN090188.1,0,9055,1,9056,0,1,9056,Rickon,MN090188,./data/hybrid-vs-skiphybrid/hybrid-vs-ref//Rickon.MN090188_cl0_it2.consensus_ivar.vs.MN090188.1.aln
Rickon-MN090277-MN090188_cl0_it2.consensus_ivar,MN090188.1,176,9055,1,9232,0,177,9232,Rickon,MN090277-MN090188,./data/hybrid-vs-skiphybrid/hybrid-vs-ref//Rickon.MN090277.MN090188_cl0_it2.consensus_ivar.vs.MN090188.1.aln
Rickon-MN090277_cl0_it2.consensus_ivar,MN090188.1,176,9055,1,9232,0,177,9232,Rickon,MN090277,./data/hybrid-vs-skiphybrid/hybrid-vs-ref//Rickon.MN090277_cl0_it2.consensus_ivar.vs.MN090188.1.aln
Rickon-reference_cl0_it2.consensus_ivar,MN090188.1,29,9054,1,9084,1,29,9084,Rickon,reference,./data/hybrid-vs-skiphybrid/hybrid-vs-ref//Rickon.reference_cl0_it2.consensus_ivar.vs.MN090188.1.aln
Rickon-virosaurus_cl0_it2.consensus_ivar,MN090188.1,48,9040,1,9089,15,34,9089,Rickon,virosaurus,./data/hybrid-vs-skiphybrid/hybrid-vs-ref//Rickon.virosaurus_cl0_it2.consensus_ivar.vs.MN090188.1.aln
Robb-MN090188_cl0_it2.consensus_ivar,MN090188.1,0,9056,0,9056,0,0,9056,Robb,MN090188,./data/hybrid-vs-skiphybrid/hybrid-vs-ref//Robb.MN090188_cl0_it2.consensus_ivar.vs.MN090188.1.aln
Robb-MN090188_cl0_it2.consensus_ivar,MN090277.1,182,9004,49,9235,179,0,9235,Robb,MN090188,./data/hybrid-vs-skiphybrid/hybrid-vs-ref//Robb.MN090188_cl0_it2.consensus_ivar.vs.MN090277.1.aln
Robb-MN090277-MN090188_cl0_it2.consensus_ivar,MN090188.1,176,9056,0,9232,0,1,9232,Robb,MN090277-MN090188,./data/hybrid-vs-skiphybrid/hybrid-vs-ref//Robb.MN090277.MN090188_cl0_it2.consensus_ivar.vs.MN090188.1.aln
Robb-MN090277-MN090188_cl0_it2.consensus_ivar,MN090277.1,6,9179,50,9235,3,1,9235,Robb,MN090277-MN090188,./data/hybrid-vs-skiphybrid/hybrid-vs-ref//Robb.MN090277.MN090188_cl0_it2.consensus_ivar.vs.MN090277.1.aln
Robb-MN090277_cl0_it2.consensus_ivar,MN090188.1,176,9056,0,9232,0,1,9232,Robb,MN090277,./data/hybrid-vs-skiphybrid/hybrid-vs-ref//Robb.MN090277_cl0_it2.consensus_ivar.vs.MN090188.1.aln
Robb-MN090277_cl0_it2.consensus_ivar,MN090277.1,6,9179,50,9235,3,1,9235,Robb,MN090277,./data/hybrid-vs-skiphybrid/hybrid-vs-ref//Robb.MN090277_cl0_it2.consensus_ivar.vs.MN090277.1.aln
Robb-reference_cl1_it2.consensus_ivar,MN090188.1,239,9056,0,9295,0,227,9295,Robb,reference,./data/hybrid-vs-skiphybrid/hybrid-vs-ref//Robb.reference_cl1_it2.consensus_ivar.vs.MN090188.1.aln
Robb-reference_cl1_it2.consensus_ivar,MN090277.1,69,9016,213,9298,3,227,9298,Robb,reference,./data/hybrid-vs-skiphybrid/hybrid-vs-ref//Robb.reference_cl1_it2.consensus_ivar.vs.MN090277.1.aln
Robb-virosaurus_cl0_it2.consensus_ivar,MN090188.1,239,9056,0,9295,0,227,9295,Robb,virosaurus,./data/hybrid-vs-skiphybrid/hybrid-vs-ref//Robb.virosaurus_cl0_it2.consensus_ivar.vs.MN090188.1.aln
Robb-virosaurus_cl0_it2.consensus_ivar,MN090277.1,69,9016,213,9298,3,227,9298,Robb,virosaurus,./data/hybrid-vs-skiphybrid/hybrid-vs-ref//Robb.virosaurus_cl0_it2.consensus_ivar.vs.MN090277.1.aln
Sansa-MN090240_cl0_it2.consensus_ivar,MN090240.1,10,8956,59,9025,0,1,9025,Sansa,MN090240,./data/hybrid-vs-skiphybrid/hybrid-vs-ref//Sansa.MN090240_cl0_it2.consensus_ivar.vs.MN090240.1.aln
Sansa-MN090240_cl0_it2.consensus_ivar,MN090277.1,213,8798,224,9235,210,1,9235,Sansa,MN090240,./data/hybrid-vs-skiphybrid/hybrid-vs-ref//Sansa.MN090240_cl0_it2.consensus_ivar.vs.MN090277.1.aln
Sansa-MN090277-MN090240_cl0_it2.consensus_ivar,MN090240.1,214,8937,78,9229,0,1,9229,Sansa,MN090277-MN090240,./data/hybrid-vs-skiphybrid/hybrid-vs-ref//Sansa.MN090277.MN090240_cl0_it2.consensus_ivar.vs.MN090240.1.aln
Sansa-MN090277-MN090240_cl0_it2.consensus_ivar,MN090277.1,9,9022,204,9235,6,1,9235,Sansa,MN090277-MN090240,./data/hybrid-vs-skiphybrid/hybrid-vs-ref//Sansa.MN090277.MN090240_cl0_it2.consensus_ivar.vs.MN090277.1.aln
Sansa-MN090277_cl0_it2.consensus_ivar,MN090240.1,214,8937,78,9229,0,1,9229,Sansa,MN090277,./data/hybrid-vs-skiphybrid/hybrid-vs-ref//Sansa.MN090277_cl0_it2.consensus_ivar.vs.MN090240.1.aln
Sansa-MN090277_cl0_it2.consensus_ivar,MN090277.1,9,9022,204,9235,6,1,9235,Sansa,MN090277,./data/hybrid-vs-skiphybrid/hybrid-vs-ref//Sansa.MN090277_cl0_it2.consensus_ivar.vs.MN090277.1.aln
Sansa-reference_cl0_it2.consensus_ivar,MN090240.1,3569,7211,1713,12493,91,22,12493,Sansa,reference,./data/hybrid-vs-skiphybrid/hybrid-vs-ref//Sansa.reference_cl0_it2.consensus_ivar.vs.MN090240.1.aln
Sansa-reference_cl0_it2.consensus_ivar,MN090277.1,3530,7291,1761,12582,180,22,12582,Sansa,reference,./data/hybrid-vs-skiphybrid/hybrid-vs-ref//Sansa.reference_cl0_it2.consensus_ivar.vs.MN090277.1.aln
Sansa-reference_cl1_it2.consensus_ivar,MN090240.1,452,8960,55,9467,0,339,9467,Sansa,reference,./data/hybrid-vs-skiphybrid/hybrid-vs-ref//Sansa.reference_cl1_it2.consensus_ivar.vs.MN090240.1.aln
Sansa-reference_cl1_it2.consensus_ivar,MN090277.1,253,8835,388,9476,9,339,9476,Sansa,reference,./data/hybrid-vs-skiphybrid/hybrid-vs-ref//Sansa.reference_cl1_it2.consensus_ivar.vs.MN090277.1.aln
Sansa-virosaurus_cl0_it2.consensus_ivar,MN090240.1,766,8848,153,9767,14,758,9767,Sansa,virosaurus,./data/hybrid-vs-skiphybrid/hybrid-vs-ref//Sansa.virosaurus_cl0_it2.consensus_ivar.vs.MN090240.1.aln
Sansa-virosaurus_cl0_it2.consensus_ivar,MN090277.1,543,8815,406,9764,11,758,9764,Sansa,virosaurus,./data/hybrid-vs-skiphybrid/hybrid-vs-ref//Sansa.virosaurus_cl0_it2.consensus_ivar.vs.MN090277.1.aln
Sansa-virosaurus_cl1_it2.consensus_ivar,MN090240.1,784,8898,85,9767,32,218,9767,Sansa,virosaurus,./data/hybrid-vs-skiphybrid/hybrid-vs-ref//Sansa.virosaurus_cl1_it2.consensus_ivar.vs.MN090240.1.aln
Sansa-virosaurus_cl1_it2.consensus_ivar,MN090277.1,573,8854,343,9770,35,218,9770,Sansa,virosaurus,./data/hybrid-vs-skiphybrid/hybrid-vs-ref//Sansa.virosaurus_cl1_it2.consensus_ivar.vs.MN090277.1.aln
Sansa-virosaurus_cl4_it2.consensus_ivar,MN090240.1,283,8934,81,9298,0,227,9298,Sansa,virosaurus,./data/hybrid-vs-skiphybrid/hybrid-vs-ref//Sansa.virosaurus_cl4_it2.consensus_ivar.vs.MN090240.1.aln
Sansa-virosaurus_cl4_it2.consensus_ivar,MN090277.1,66,8868,364,9298,0,227,9298,Sansa,virosaurus,./data/hybrid-vs-skiphybrid/hybrid-vs-ref//Sansa.virosaurus_cl4_it2.consensus_ivar.vs.MN090277.1.aln
Theon-MN090240_cl0_it2.consensus_ivar,MN090240.1,0,9014,1,9015,0,1,9015,Theon,MN090240,./data/hybrid-vs-skiphybrid/hybrid-vs-ref//Theon.MN090240_cl0_it2.consensus_ivar.vs.MN090240.1.aln
Theon-MN090277-MN090240_cl0_it2.consensus_ivar,MN090240.1,210,8996,19,9225,0,229,9225,Theon,MN090277-MN090240,./data/hybrid-vs-skiphybrid/hybrid-vs-ref//Theon.MN090277.MN090240_cl0_it2.consensus_ivar.vs.MN090240.1.aln
Theon-MN090277_cl0_it2.consensus_ivar,MN090240.1,210,8996,19,9225,0,229,9225,Theon,MN090277,./data/hybrid-vs-skiphybrid/hybrid-vs-ref//Theon.MN090277_cl0_it2.consensus_ivar.vs.MN090240.1.aln
Theon-reference_cl0_it2.consensus_ivar,MN090240.1,273,8996,19,9288,0,292,9288,Theon,reference,./data/hybrid-vs-skiphybrid/hybrid-vs-ref//Theon.reference_cl0_it2.consensus_ivar.vs.MN090240.1.aln
Theon-virosaurus_cl0_it2.consensus_ivar,MN090240.1,273,8996,19,9288,0,292,9288,Theon,virosaurus,./data/hybrid-vs-skiphybrid/hybrid-vs-ref//Theon.virosaurus_cl0_it2.consensus_ivar.vs.MN090240.1.aln
Tyrion-MN090277-MZ766668_cl0_it2.consensus_ivar,MZ766668.1,369,7778,1161,9308,72,1,9308,Tyrion,MN090277-MZ766668,./data/hybrid-vs-skiphybrid/hybrid-vs-ref//Tyrion.MN090277.MZ766668_cl0_it2.consensus_ivar.vs.MZ766668.1.aln
Tyrion-MN090277-MZ766668_cl0_it2.consensus_ivar,MN090277.1,4,9029,203,9236,0,1,9236,Tyrion,MN090277-MZ766668,./data/hybrid-vs-skiphybrid/hybrid-vs-ref//Tyrion.MN090277.MZ766668_cl0_it2.consensus_ivar.vs.MN090277.1.aln
Tyrion-MN090277-MZ766668_cl1_it2.consensus_ivar,MZ766668.1,8,8927,77,9012,7,0,9012,Tyrion,MN090277-MZ766668,./data/hybrid-vs-skiphybrid/hybrid-vs-ref//Tyrion.MN090277.MZ766668_cl1_it2.consensus_ivar.vs.MZ766668.1.aln
Tyrion-MN090277-MZ766668_cl1_it2.consensus_ivar,MN090277.1,345,7625,1321,9291,286,0,9291,Tyrion,MN090277-MZ766668,./data/hybrid-vs-skiphybrid/hybrid-vs-ref//Tyrion.MN090277.MZ766668_cl1_it2.consensus_ivar.vs.MN090277.1.aln
Tyrion-MN090277_cl0_it2.consensus_ivar,MZ766668.1,369,7778,1161,9308,72,1,9308,Tyrion,MN090277,./data/hybrid-vs-skiphybrid/hybrid-vs-ref//Tyrion.MN090277_cl0_it2.consensus_ivar.vs.MZ766668.1.aln
Tyrion-MN090277_cl0_it2.consensus_ivar,MN090277.1,4,9029,203,9236,0,1,9236,Tyrion,MN090277,./data/hybrid-vs-skiphybrid/hybrid-vs-ref//Tyrion.MN090277_cl0_it2.consensus_ivar.vs.MN090277.1.aln
Tyrion-MN090277_cl1_it2.consensus_ivar,MZ766668.1,108,8930,66,9104,15,0,9104,Tyrion,MN090277,./data/hybrid-vs-skiphybrid/hybrid-vs-ref//Tyrion.MN090277_cl1_it2.consensus_ivar.vs.MZ766668.1.aln
Tyrion-MN090277_cl1_it2.consensus_ivar,MN090277.1,259,7726,1305,9290,201,0,9290,Tyrion,MN090277,./data/hybrid-vs-skiphybrid/hybrid-vs-ref//Tyrion.MN090277_cl1_it2.consensus_ivar.vs.MN090277.1.aln
Tyrion-MZ766668_cl0_it2.consensus_ivar,MZ766668.1,9,8920,84,9013,7,0,9013,Tyrion,MZ766668,./data/hybrid-vs-skiphybrid/hybrid-vs-ref//Tyrion.MZ766668_cl0_it2.consensus_ivar.vs.MZ766668.1.aln
Tyrion-MZ766668_cl0_it2.consensus_ivar,MN090277.1,346,7635,1311,9292,286,0,9292,Tyrion,MZ766668,./data/hybrid-vs-skiphybrid/hybrid-vs-ref//Tyrion.MZ766668_cl0_it2.consensus_ivar.vs.MN090277.1.aln
Tyrion-MZ766668_cl1_it2.consensus_ivar,MZ766668.1,255,7682,1222,9159,107,0,9159,Tyrion,MZ766668,./data/hybrid-vs-skiphybrid/hybrid-vs-ref//Tyrion.MZ766668_cl1_it2.consensus_ivar.vs.MZ766668.1.aln
Tyrion-MZ766668_cl1_it2.consensus_ivar,MN090277.1,180,8916,136,9232,180,0,9232,Tyrion,MZ766668,./data/hybrid-vs-skiphybrid/hybrid-vs-ref//Tyrion.MZ766668_cl1_it2.consensus_ivar.vs.MN090277.1.aln
Tyrion-reference_cl1_it2.consensus_ivar,MZ766668.1,529,8949,55,9533,7,521,9533,Tyrion,reference,./data/hybrid-vs-skiphybrid/hybrid-vs-ref//Tyrion.reference_cl1_it2.consensus_ivar.vs.MZ766668.1.aln
Tyrion-reference_cl1_it2.consensus_ivar,MN090277.1,590,7624,1460,9674,148,521,9674,Tyrion,reference,./data/hybrid-vs-skiphybrid/hybrid-vs-ref//Tyrion.reference_cl1_it2.consensus_ivar.vs.MN090277.1.aln
Tyrion-reference_cl2_it2.consensus_ivar,MZ766668.1,416,7702,1243,9361,66,222,9361,Tyrion,reference,./data/hybrid-vs-skiphybrid/hybrid-vs-ref//Tyrion.reference_cl2_it2.consensus_ivar.vs.MZ766668.1.aln
Tyrion-reference_cl2_it2.consensus_ivar,MN090277.1,63,8933,299,9295,0,222,9295,Tyrion,reference,./data/hybrid-vs-skiphybrid/hybrid-vs-ref//Tyrion.reference_cl2_it2.consensus_ivar.vs.MN090277.1.aln
Tyrion-virosaurus_cl1_it2.consensus_ivar,MZ766668.1,904,8950,61,9915,0,255,9915,Tyrion,virosaurus,./data/hybrid-vs-skiphybrid/hybrid-vs-ref//Tyrion.virosaurus_cl1_it2.consensus_ivar.vs.MZ766668.1.aln
Tyrion-virosaurus_cl1_it2.consensus_ivar,MN090277.1,907,7663,1457,10027,112,255,10027,Tyrion,virosaurus,./data/hybrid-vs-skiphybrid/hybrid-vs-ref//Tyrion.virosaurus_cl1_it2.consensus_ivar.vs.MN090277.1.aln
Tyrion-virosaurus_cl21_it2.consensus_ivar,MZ766668.1,416,7703,1242,9361,66,222,9361,Tyrion,virosaurus,./data/hybrid-vs-skiphybrid/hybrid-vs-ref//Tyrion.virosaurus_cl21_it2.consensus_ivar.vs.MZ766668.1.aln
Tyrion-virosaurus_cl21_it2.consensus_ivar,MN090277.1,63,8932,300,9295,0,222,9295,Tyrion,virosaurus,./data/hybrid-vs-skiphybrid/hybrid-vs-ref//Tyrion.virosaurus_cl21_it2.consensus_ivar.vs.MN090277.1.aln
