"index"	"sample"	"cluster"	"step"	"(annotation) subject"	"(annotation) pident"	"(annotation) qlen"	"(annotation) slen"	"(annotation) length"	"(annotation) mismatch"	"(annotation) gapopen"	"(annotation) qstart"	"(annotation) qend"	"(annotation) sstart"	"(annotation) send"	"(annotation) evalue"	"(annotation) bitscore"	"(annotation) name"	"(annotation) level"	"(annotation) typing"	"(annotation) species"	"(annotation) taxid"	"(annotation) acronym"	"(annotation) acid"	"(annotation) circular"	"(annotation) segment"	"(annotation) host"	"(annotation) % contig aligned"	"(blast) subject"	"(blast) subject title"	"(blast) pident"	"(blast) qlen"	"(blast) slen"	"(blast) length"	"(blast) mismatch"	"(blast) gapopen"	"(blast) qstart"	"(blast) qend"	"(blast) sstart"	"(blast) send"	"(blast) evalue"	"(blast) bitscore"	"(checkv) contig_length"	"(checkv) provirus"	"(checkv) proviral_length"	"(checkv) gene_count"	"(checkv) viral_genes"	"(checkv) host_genes"	"(checkv) checkv_quality"	"(checkv) miuvig_quality"	"(checkv) completeness"	"(checkv) completeness_method"	"(checkv) contamination"	"(checkv) kmer_freq"	"(checkv) warnings"	"(cluster) taxon-id"	"(cluster) centroid"	"(cluster) number of members"	"(cluster) cumulative read depth - spades [%]"	"(cluster) cumulative read depth - megahit [%]"	"(cluster) cumulative read depth - trinity [%]"	"(cluster) members"	"(quast) # N's"	"(quast) % N's"	"(quast) # N's per 100 kbp"	"(samtools Raw) total length"	"(samtools Raw) average length"	"(samtools Raw) average quality"	"(samtools Raw) error rate"	"(samtools Raw) mismatches"	"(samtools Raw) reads MQ0"	"(samtools Raw) reads mapped (R1+R2)"	"(samtools Raw) reads mapped %"	"(samtools Raw) reads unmapped (R1+R2)"	"(samtools Raw) reads unmapped %"	"(samtools Raw) reads QC failed"	"(samtools Raw) reads QC failed %"	"(samtools Raw) reads paired"	"(samtools Raw) reads paired %"	"(samtools Raw) reads properly paired"	"(samtools Raw) reads properly paired %"	"(samtools Raw) reads duplicated"	"(samtools Raw) reads duplicated %"	"(samtools Raw) non primary alignments"	"(samtools Raw) supplementary alignments"	"(samtools Raw) outward oriented pairs"	"(samtools Raw) inward oriented pairs"	"(samtools Raw) insert size average"	"(samtools Raw) insert size standard deviation"	"(samtools Raw) bases mapped"	"(samtools Raw) bases mapped cigar"	"(samtools Raw) bases trimmed"	"(samtools Raw) bases duplicated"	"(picard) unpaired reads examined"	"(picard) read pair optical duplicates"	"(picard) unmapped reads (R1+R2)"	"(picard) estimated library size"	"(picard) unpaired read duplicates"	"(picard) secondary or supplementary rds"	"(picard) read pairs examined"	"(picard) read pair duplicates"	"(picard) % duplication"	"(picard) library"	"(samtools Post-dedup) total length"	"(samtools Post-dedup) average length"	"(samtools Post-dedup) average quality"	"(samtools Post-dedup) error rate"	"(samtools Post-dedup) mismatches"	"(samtools Post-dedup) reads MQ0"	"(samtools Post-dedup) reads mapped (R1+R2)"	"(samtools Post-dedup) reads mapped %"	"(samtools Post-dedup) reads unmapped (R1+R2)"	"(samtools Post-dedup) reads unmapped %"	"(samtools Post-dedup) reads QC failed"	"(samtools Post-dedup) reads QC failed %"	"(samtools Post-dedup) reads paired"	"(samtools Post-dedup) reads paired %"	"(samtools Post-dedup) reads properly paired"	"(samtools Post-dedup) reads properly paired %"	"(samtools Post-dedup) reads duplicated"	"(samtools Post-dedup) reads duplicated %"	"(samtools Post-dedup) non primary alignments"	"(samtools Post-dedup) supplementary alignments"	"(samtools Post-dedup) outward oriented pairs"	"(samtools Post-dedup) inward oriented pairs"	"(samtools Post-dedup) insert size average"	"(samtools Post-dedup) insert size standard deviation"	"(samtools Post-dedup) bases mapped"	"(samtools Post-dedup) bases mapped cigar"	"(samtools Post-dedup) bases trimmed"	"(samtools Post-dedup) bases duplicated"	"(ivar_variants) raw inserts"	"(ivar_variants) raw SNPs"	"(ivar_variants) raw deletions"	"(bcftools) number of indels"	"(bcftools) number of samples"	"(bcftools) number of SNPs"	"(bcftools) number of MNPs"	"(bcftools) number of no-ALTs"	"(bcftools) number of records"	"(bcftools) number of others"	"(bcftools) number of multiallelic sites"	"(bcftools) number of multiallelic SNP sites"	"(bcftools) number of transversions"	"(bcftools) transversion in 1st alternative"	"(bcftools) number of transitions"	"(bcftools) transistion in 1st alternative"	"(bcftools) transistions/transversions ratio"	"(bcftools) transition/transversion in 1st alternative"	"(bcftools) substitution T->C"	"(bcftools) substitution A->C"	"(bcftools) substitution C->A"	"(bcftools) substitution G->T"	"(bcftools) substitution A->T"	"(bcftools) substitution C->T"	"(bcftools) substitution T->G"	"(bcftools) substitution T->A"	"(bcftools) substitution G->C"	"(bcftools) substitution C->G"	"(bcftools) substitution G->A"	"(bcftools) substitution A->G"	"(general_stats) mosdepth Mean read depth"	"(general_stats) mosdepth Min read depth"	"(general_stats) mosdepth Max read depth"	"(general_stats) mosdepth Median read depth"	"(general_stats) mosdepth 1X coverage"	"(general_stats) mosdepth 5X coverage"	"(general_stats) mosdepth 10X coverage"	"(general_stats) mosdepth 50X coverage"	"(general_stats) mosdepth 100X coverage"	"(general_stats) mosdepth 200X coverage"	"(general_stats) mosdepth 500X coverage"	"(general_stats) mosdepth 750X coverage"	"(general_stats) mosdepth 1000X coverage"
"DRX474368_cl319_it2"	"DRX474368"	"cl319"	"it2"	"AB261175:AB261175;"	"0.998"	"2443"	"6304"	"2439"	"5"	"0"	"3"	"2441"	"930"	"3368"	"0.0"	"1654"	"Youcai mosaic virus"	"SPECIES"	"unknown"	"Youcai mosaic virus"	"228578"	"unknown"	"RNA"	"N"	"N/A"	"Plant"	"99.84"	"acc|NEIGHBOR|D38444.1|Youcai"	"acc|NEIGHBOR|D38444.1|Youcai mosaic virus genomic RNA, complete sequence|Youcai mosaic virus|VRL|26-JUN-2008"	"99.795"	"2443"	"6303"	"2443"	"5"	"0"	"1"	"2443"	"928"	"3370"	"0.0"	"4484"	2443.0	"No"	""	1.0	1.0	0.0	"Low-quality"	"Genome-fragment"	38.31	"AAI-based (high-confidence)"	0.0	1.0	""	12234	"k141_11730"	11	0.01	12.5	0.0	"k141_11733,NODE_33344_length_145_cov_19.750000,NODE_33346_length_145_cov_18.027778,NODE_33351_length_145_cov_16.416667,NODE_33421_length_144_cov_51.830986,NODE_33325_length_145_cov_35.875000,NODE_33343_length_145_cov_19.763889,NODE_33391_length_145_cov_5.458333,NODE_33438_length_144_cov_22.422535,NODE_33338_length_145_cov_24.194444,NODE_33360_length_145_cov_9.875000"	0.0	0.0	"0.00"	6666314875.0	138.0	40.2	0.0006133068	369478.0	0.0	4740492.0	9.83470938586996	43461156.0	90.16529061413004	0.0	0.0	48201648.0	100.0	4621944.0	9.588767587365478	0.0	0.0	0.0	2987.0	1162764.0	1159575.0	151.5	55.5	659850730.0	602435869.0	0.0	0.0	95804.0	0.0	43461156.0	250043.0	95804.0	2987.0	2322344.0	2072324.0	0.894517	"Unknown Library"	6076106346.0	138.0	40.2	0.0007021533	45427.0	0.0	500040.0	1.1374576797228173	43461156.0	98.86254232027719	0.0	0.0	43961196.0	100.0	482820.0	1.0982867709058688	0.0	0.0	0.0	2987.0	92317.0	157700.0	182.0	82.3	69642201.0	64696695.0	0.0	0.0	0.0	0.0	0.0	0.0	1.0	0.0	0.0	0.0	0.0	0.0	0.0	0.0	0.0	0.0	0.0	0.0	0.0	0.0	0.0	0.0	0.0	0.0	0.0	0.0	0.0	0.0	0.0	0.0	0.0	0.0	18182.04	12171.0	23041.0	18518.0	100.0	100.0	100.0	100.0	100.0	100.0	0.0	0.0	0.0
"DRX474368_cl345_consensus"	"DRX474368"	"cl345"	"consensus"	"AB261175:AB261175;"	"1.0"	"145"	"6304"	"135"	"0"	"0"	"138"	"4"	"6176"	"6042"	"4.4550000000000006e-26"	"100"	"Youcai mosaic virus"	"SPECIES"	"unknown"	"Youcai mosaic virus"	"228578"	"unknown"	"RNA"	"N"	"N/A"	"Plant"	"93.1"	"acc|NEIGHBOR|D38444.1|Youcai"	"acc|NEIGHBOR|D38444.1|Youcai mosaic virus genomic RNA, complete sequence|Youcai mosaic virus|VRL|26-JUN-2008"	"100.0"	"145"	"6303"	"145"	"0"	"0"	"1"	"145"	"6039"	"6183"	"2.3399999999999998e-68"	"268"	""	""	""	""	""	""	""	""	""	""	""	""	""	12234	"NODE_33307_length_145_cov_64.527778"	9	0.0	9.75	0.0	"k141_817,k141_19688,k141_20201,k141_7993,k141_16635,k141_2505,k141_2082,k141_17453,k141_5644"	""	""	""	6666314875.0	138.0	40.2	0.001349332	222139.0	15.0	1896932.0	3.9354090134013675	46304716.0	96.06459098659863	0.0	0.0	48201648.0	100.0	1792432.0	3.7186114466459737	0.0	0.0	0.0	79.0	619012.0	277229.0	97.0	43.5	260073289.0	164628870.0	0.0	0.0	104450.0	0.0	46304716.0	25695.0	104450.0	79.0	896241.0	870546.0	0.972909	"Unknown Library"	6413226938.0	138.0	40.2	0.002091164	8735.0	0.0	51390.0	0.11085918217548299	46304716.0	99.88914081782451	0.0	0.0	46356106.0	100.0	51342.0	0.11075563594578026	0.0	0.0	0.0	79.0	15877.0	9818.0	98.8	41.0	6985352.0	4177099.0	0.0	0.0	0.0	0.0	0.0	0.0	1.0	0.0	0.0	0.0	0.0	0.0	0.0	0.0	0.0	0.0	0.0	0.0	0.0	0.0	0.0	0.0	0.0	0.0	0.0	0.0	0.0	0.0	0.0	0.0	0.0	0.0	17455.17	14239.0	18321.0	17768.0	100.0	100.0	100.0	100.0	100.0	100.0	0.0	0.0	0.0
"DRX474368_cl393_consensus"	"DRX474368"	"cl393"	"consensus"	"AB261175:AB261175;"	"1.0"	"282"	"6304"	"144"	"0"	"0"	"3"	"146"	"5969"	"5826"	"4.742e-30"	"111"	"Youcai mosaic virus"	"SPECIES"	"unknown"	"Youcai mosaic virus"	"228578"	"unknown"	"RNA"	"N"	"N/A"	"Plant"	"51.06"	"acc|NEIGHBOR|AB261175.1|Youcai"	"acc|NEIGHBOR|AB261175.1|Youcai mosaic virus genomic RNA, complete genome, isolate: 722|Youcai mosaic virus|VRL|31-JAN-2009"	"99.645"	"282"	"6304"	"282"	"0"	"1"	"1"	"282"	"5971"	"5691"	"5.9999999999999995e-142"	"514"	282.0	"No"	""	1.0	1.0	0.0	"Low-quality"	"Genome-fragment"	2.64	"HMM-based (lower-bound)"	0.0	1.0	""	12234	"k141_15388"	4	69.43	0.75	0.0	"NODE_22_length_6333_cov_210616.203035,k141_4590,k141_10758,k141_634"	""	""	""	6666314875.0	138.0	40.2	0.003873948	1468509.0	11.0	3642886.0	7.557596370978851	44558762.0	92.44240362902116	0.0	0.0	48201648.0	100.0	3519612.0	7.301849928450579	0.0	0.0	0.0	340.0	5141.0	1754832.0	120.5	51.9	508678630.0	379072979.0	0.0	0.0	122940.0	0.0	44558762.0	48963.0	122940.0	340.0	1759973.0	1711010.0	0.973119	"Unknown Library"	6171200744.0	138.0	40.2	0.005599692	55336.0	0.0	97926.0	0.21928630264743323	44558762.0	99.78071369735257	0.0	0.0	44656688.0	100.0	97650.0	0.21866825412578736	0.0	0.0	0.0	340.0	1337.0	47626.0	142.0	69.3	13564499.0	9881971.0	0.0	0.0	0.0	1.0	1.0	1.0	1.0	1.0	0.0	0.0	2.0	0.0	0.0	0.0	1.0	1.0	0.0	0.0	0.0	0.0	0.0	0.0	1.0	0.0	0.0	0.0	0.0	0.0	0.0	0.0	0.0	0.0	23632.65	1906.0	26863.0	23870.0	100.0	100.0	100.0	100.0	100.0	100.0	0.0	0.0	0.0
"DRX474368_cl461_it2"	"DRX474368"	"cl461"	"it2"	"AB261175:AB261175;"	"0.995"	"3665"	"6304"	"624"	"3"	"0"	"1210"	"587"	"27"	"650"	"7.637e-135"	"423"	"Youcai mosaic virus"	"SPECIES"	"unknown"	"Youcai mosaic virus"	"228578"	"unknown"	"RNA"	"N"	"N/A"	"Plant"	"17.03"	"acc|NEIGHBOR|D38444.1|Youcai"	"acc|NEIGHBOR|D38444.1|Youcai mosaic virus genomic RNA, complete sequence|Youcai mosaic virus|VRL|26-JUN-2008"	"99.84"	"3665"	"6303"	"626"	"1"	"0"	"587"	"1212"	"650"	"25"	"0.0"	"1151"	3665.0	"Yes"	1168.0	4.0	1.0	1.0	"Low-quality"	"Genome-fragment"	0.9	"HMM-based (lower-bound)"	68.13	1.0	""	12234	"k141_9440"	10	0.01	10.12	0.0	"NODE_33316_length_145_cov_48.166667,k141_2634,NODE_33326_length_145_cov_33.638889,NODE_33330_length_145_cov_30.041667,NODE_33324_length_145_cov_35.902778,NODE_33336_length_145_cov_24.972222,NODE_33350_length_145_cov_16.541667,NODE_33310_length_145_cov_60.791667,NODE_33334_length_145_cov_27.972222,k141_3284"	15.0	0.41	"409.28"	6666314875.0	138.0	40.2	0.002047432	1442835.0	21.0	5936964.0	12.316931570472445	42264684.0	87.68306842952755	0.0	0.0	48201648.0	100.0	5698254.0	11.821699540231489	0.0	0.0	0.0	46445.0	148593.0	2737575.0	142.9	86.8	825494213.0	704704754.0	0.0	0.0	163976.0	0.0	42264684.0	242636.0	163968.0	46445.0	2886494.0	2643859.0	0.918262	"Unknown Library"	5907840254.0	138.0	40.2	0.002607671	156092.0	11.0	485278.0	1.1351542254002471	42264684.0	98.86484577459976	0.0	0.0	42749962.0	100.0	459640.0	1.0751822422672563	0.0	0.0	0.0	46445.0	22647.0	219679.0	213.6	340.3	67019592.0	59858777.0	0.0	0.0	7.0	95.0	3.0	10.0	1.0	95.0	0.0	0.0	105.0	0.0	0.0	0.0	41.0	41.0	54.0	54.0	1.32	1.32	8.0	6.0	3.0	6.0	3.0	10.0	2.0	11.0	9.0	1.0	18.0	18.0	11390.99	0.0	47847.0	8732.0	100.0	99.0	97.0	90.0	88.0	84.0	67.0	0.0	0.0
"DRX474368_cl473_it2"	"DRX474368"	"cl473"	"it2"	"LC390003:LC390003;"	"0.989"	"5624"	"6304"	"1479"	"16"	"0"	"5473"	"3995"	"3381"	"4859"	"0.0"	"1019"	"Youcai mosaic virus"	"SPECIES"	"unknown"	"Youcai mosaic virus"	"228578"	"unknown"	"RNA"	"N"	"N/A"	"Plant"	"26.3"	"acc|NEIGHBOR|D38444.1|Youcai"	"acc|NEIGHBOR|D38444.1|Youcai mosaic virus genomic RNA, complete sequence|Youcai mosaic virus|VRL|26-JUN-2008"	"99.885"	"5624"	"6303"	"2609"	"3"	"0"	"3016"	"5624"	"5838"	"3230"	"0.0"	"4802"	5624.0	"No"	""	5.0	2.0	0.0	"Medium-quality"	"Genome-fragment"	88.12	"AAI-based (high-confidence)"	0.0	1.0	""	12234	"k141_9442"	28	0.72	28.71	0.0	"NODE_33305_length_145_cov_81.986111,NODE_674_length_2762_cov_4167.038676,NODE_33524_length_143_cov_107.528571,NODE_33418_length_144_cov_59.450704,NODE_33332_length_145_cov_28.875000,NODE_33319_length_145_cov_39.666667,k141_282,k141_4267,NODE_33331_length_145_cov_29.250000,NODE_33321_length_145_cov_37.708333,NODE_33329_length_145_cov_32.236111,NODE_33536_length_143_cov_23.500000,NODE_33340_length_145_cov_23.208333,NODE_33298_length_145_cov_101.152778,NODE_33386_length_145_cov_5.888889,NODE_33312_length_145_cov_57.083333,NODE_33297_length_145_cov_106.708333,NODE_33335_length_145_cov_26.708333,NODE_33299_length_145_cov_96.500000,NODE_33353_length_145_cov_15.930556,k141_0,NODE_33300_length_145_cov_96.069444,NODE_33457_length_144_cov_13.295775,NODE_33374_length_145_cov_7.708333,NODE_33303_length_145_cov_88.250000,NODE_33468_length_144_cov_11.323944,NODE_33341_length_145_cov_22.763889,NODE_33304_length_145_cov_84.569444"	48.0	0.85	"853.49"	6666314875.0	138.0	40.2	0.0006222934	974748.0	6.0	11899468.0	24.686848881183483	36302180.0	75.31315111881652	0.0	0.0	48201648.0	100.0	11659350.0	24.18869578899045	0.0	0.0	0.0	19182.0	62745.0	5801217.0	156.8	52.9	1654498789.0	1566380098.0	0.0	0.0	171022.0	0.0	36302180.0	381715.0	171019.0	19182.0	5864223.0	5482508.0	0.935843	"Unknown Library"	5117674236.0	138.0	40.2	0.0006984922	70093.0	6.0	763433.0	2.059679951873452	36302180.0	97.94032004812655	0.0	0.0	37065613.0	100.0	715914.0	1.9314775665520492	0.0	0.0	0.0	19182.0	25193.0	356277.0	195.2	109.8	105858150.0	100349019.0	0.0	0.0	0.0	91.0	0.0	0.0	1.0	91.0	0.0	0.0	91.0	0.0	0.0	0.0	64.0	64.0	24.0	24.0	0.38	0.38	9.0	7.0	3.0	14.0	12.0	4.0	3.0	16.0	5.0	4.0	2.0	9.0	12505.97	1.0	39601.0	4087.0	100.0	95.0	88.0	88.0	88.0	88.0	84.0	79.0	0.0
"SRX16007174_cl246_it2"	"SRX16007174"	"cl246"	"it2"	""	""	""	""	""	""	""	""	""	""	""	""	""	""	""	""	""	""	""	""	""	""	""	""	""	""	""	""	""	""	""	""	""	""	""	""	""	""	2132.0	"No"	""	1.0	0.0	1.0	"Not-determined"	"Genome-fragment"	""	""	0.0	1.0	"no viral genes detected; low-confidence DTR"	5543	"k119_14247"	1	0.17	0.17	0.0	"NODE_2932_length_2155_cov_1074.981007"	118.0	5.53	"5534.71"	3083307104.0	101.0	38.5	0.001753893	9189.0	2.0	52376.0	0.17102582909289893	30572238.0	99.8289741709071	0.0	0.0	30624614.0	100.0	51714.0	0.16886416919409988	0.0	0.0	0.0	7.0	86.0	25878.0	188.8	56.4	5277136.0	5239203.0	0.0	0.0	448.0	0.0	30572238.0	27560.0	436.0	7.0	25964.0	9147.0	0.357607	"Unknown Library"	3081418115.0	101.0	38.5	0.00149438	5034.0	2.0	33646.0	0.10993310959422052	30572238.0	99.89006689040578	0.0	0.0	30605884.0	100.0	33440.0	0.10926003640345759	0.0	0.0	0.0	7.0	79.0	16738.0	194.2	62.7	3388147.0	3368622.0	0.0	0.0	1.0	5.0	1.0	2.0	1.0	5.0	0.0	0.0	7.0	0.0	0.0	0.0	2.0	2.0	3.0	3.0	1.5	1.5	1.0	0.0	1.0	0.0	1.0	1.0	0.0	0.0	0.0	0.0	0.0	1.0	1363.86	0.0	3402.0	1443.0	95.0	92.0	89.0	84.0	80.0	78.0	0.0	0.0	72.0
"SRX16007174_cl318_it2"	"SRX16007174"	"cl318"	"it2"	""	""	""	""	""	""	""	""	""	""	""	""	""	""	""	""	""	""	""	""	""	""	""	""	""	""	""	""	""	""	""	""	""	""	""	""	""	""	1777.0	"No"	""	1.0	0.0	0.0	"Low-quality"	"Genome-fragment"	1.29	"AAI-based (medium-confidence)"	0.0	1.0	"no viral genes detected"	3877	"NODE_4816_length_1777_cov_1411.501157"	1	0.18	0.2	0.0	"k119_21137"	119.0	6.7	"6696.68"	3083307104.0	101.0	38.5	0.001570326	7970.0	284.0	51946.0	0.1696217297628633	30572668.0	99.83037827023715	0.0	0.0	30624614.0	100.0	50436.0	0.16469105537134282	0.0	0.0	0.0	23.0	312.0	25014.0	184.5	57.2	5233064.0	5075380.0	0.0	0.0	1294.0	0.0	30572668.0	28782.0	1263.0	23.0	25326.0	8483.0	0.350922	"Unknown Library"	3081469525.0	101.0	38.5	0.001573437	5197.0	204.0	33717.0	0.11016328782376618	30572668.0	99.88983671217623	0.0	0.0	30606385.0	100.0	33486.0	0.10940854334806284	0.0	0.0	0.0	23.0	277.0	16566.0	189.5	63.4	3395485.0	3302961.0	0.0	0.0	2.0	5.0	1.0	3.0	1.0	5.0	0.0	0.0	8.0	0.0	0.0	0.0	3.0	3.0	0.0	0.0	0.0	0.0	0.0	0.0	0.0	0.0	1.0	0.0	2.0	0.0	0.0	0.0	0.0	0.0	1600.56	0.0	2710.0	1580.0	93.0	93.0	93.0	91.0	91.0	90.0	0.0	0.0	0.0
"SRX16007174_cl45_consensus"	"SRX16007174"	"cl45"	"consensus"	""	""	""	""	""	""	""	""	""	""	""	""	""	""	""	""	""	""	""	""	""	""	""	""	""	""	""	""	""	""	""	""	""	""	""	""	""	""	411.0	"No"	""	1.0	0.0	0.0	"Low-quality"	"Genome-fragment"	0.22	"AAI-based (medium-confidence)"	0.0	1.0	"no viral genes detected"	3701	"NODE_28430_length_409_cov_2.402778"	2	0.5	0.5	0.0	"k119_2852,NODE_1780_length_2518_cov_2769.134872"	""	""	""	3083307104.0	101.0	38.5	0.009064156	231.0	0.0	300.0	0.0009796041837457936	30624314.0	99.99902039581625	0.0	0.0	30624614.0	100.0	26.0	8.489902925796877e-05	0.0	0.0	0.0	0.0	3.0	108.0	170.3	47.9	30240.0	25485.0	0.0	0.0	78.0	0.0	30624314.0	475.0	34.0	0.0	111.0	12.0	0.193333	"Unknown Library"	3083301246.0	101.0	38.5	0.0106373	226.0	0.0	242.0	0.0007902155381452714	30624314.0	99.99920978446185	0.0	0.0	30624556.0	100.0	18.0	5.877636234138383e-05	0.0	0.0	0.0	0.0	2.0	97.0	173.4	49.8	24382.0	21246.0	0.0	0.0	0.0	59.0	1.0	1.0	1.0	59.0	0.0	0.0	60.0	0.0	0.0	0.0	30.0	30.0	29.0	29.0	0.97	0.97	5.0	3.0	4.0	3.0	4.0	10.0	4.0	4.0	7.0	1.0	7.0	7.0	51.3	29.0	74.0	54.0	100.0	100.0	100.0	61.0	0.0	0.0	0.0	0.0	0.0
"SRX16007174_cl730_it2"	"SRX16007174"	"cl730"	"it2"	"MG919988:MG919988;"	"0.281"	"1750"	"15763"	"882"	"603"	"0"	"1749"	"868"	"10217"	"11056"	"2.038e-19"	"94"	"Unclassified Arracacha virus 1"	"SPECIES"	"unknown"	"Unclassified Arracacha virus 1"	"2201042"	"unknown"	"RNA"	"N"	"N/A"	"Plant"	"50.4"	""	""	""	""	""	""	""	""	""	""	""	""	""	""	1750.0	"No"	""	1.0	0.0	0.0	"Low-quality"	"Genome-fragment"	0.24	"AAI-based (high-confidence)"	0.0	1.0	"no viral genes detected"	181084	"k119_21706"	3	0.17	0.16	0.0	"NODE_2496_length_2274_cov_196.912360,k119_28536,NODE_2112_length_2393_cov_757.241041"	158.0	9.09	"9085.71"	3083307104.0	101.0	38.5	0.01564951	76875.0	11.0	50635.0	0.1653408594798942	30573979.0	99.83465914052012	0.0	0.0	30624614.0	100.0	49512.0	0.16167387448540574	0.0	0.0	0.0	13.0	58.0	24783.0	185.8	58.6	5102187.0	4912293.0	0.0	0.0	953.0	0.0	30573979.0	30595.0	918.0	13.0	24841.0	7830.0	0.327402	"Unknown Library"	3081635208.0	101.0	38.5	0.01658143	54650.0	7.0	34057.0	0.11126816500085142	30573979.0	99.88873183499915	0.0	0.0	30608036.0	100.0	33870.0	0.11065721433417028	0.0	0.0	0.0	13.0	47.0	16964.0	190.1	63.9	3430291.0	3295856.0	0.0	0.0	0.0	178.0	1.0	1.0	1.0	178.0	0.0	0.0	179.0	0.0	0.0	0.0	65.0	65.0	113.0	113.0	1.74	1.74	27.0	5.0	4.0	14.0	18.0	17.0	7.0	5.0	6.0	6.0	30.0	39.0	1632.15	0.0	3181.0	1662.0	91.0	91.0	91.0	87.0	84.0	82.0	0.0	0.0	0.0
"SRX16007174_cl801_it2"	"SRX16007174"	"cl801"	"it2"	"NC_009041:NC_009041;"	"0.991"	"6381"	"6395"	"3378"	"30"	"0"	"31"	"3408"	"42"	"3419"	"0.0"	"2241"	"Rehmannia mosaic virus"	"SPECIES"	"unknown"	"Rehmannia mosaic virus"	"425279"	"unknown"	"RNA"	"N"	"N/A"	"Plant"	"52.94"	"acc|NEIGHBOR|KU133476.1|Rehmannia"	"acc|NEIGHBOR|KU133476.1|Rehmannia mosaic virus isolate ES, complete genome|Rehmannia mosaic virus|VRL|09-MAR-2016"	"99.545"	"6381"	"6395"	"6376"	"29"	"0"	"3"	"6378"	"14"	"6389"	"0.0"	"11614"	6381.0	"No"	""	4.0	4.0	0.0	"High-quality"	"High-quality"	99.91	"AAI-based (high-confidence)"	0.0	1.0	""	12234	"k119_18565"	1	0.55	0.55	0.0	"NODE_15_length_6381_cov_1158.856286"	5.0	0.08	"78.36"	3083307104.0	101.0	38.5	0.001419575	21064.0	0.0	147326.0	0.48107055324844256	30477288.0	99.51892944675156	0.0	0.0	30624614.0	100.0	146300.0	0.477720306940032	0.0	0.0	0.0	58.0	1025.0	72433.0	181.9	51.3	14842001.0	14838246.0	0.0	0.0	410.0	0.0	30477288.0	88688.0	409.0	58.0	73458.0	23509.0	0.321919	"Unknown Library"	3078524733.0	101.0	38.5	0.001391689	13997.0	0.0	99899.0	0.3267108907042365	30477288.0	99.67328910929577	0.0	0.0	30577187.0	100.0	99318.0	0.3248107813187655	0.0	0.0	0.0	58.0	903.0	49046.0	186.6	56.4	10059630.0	10057565.0	0.0	0.0	0.0	3.0	0.0	0.0	1.0	3.0	0.0	0.0	3.0	0.0	0.0	0.0	1.0	1.0	2.0	2.0	2.0	2.0	0.0	0.0	0.0	0.0	0.0	0.0	1.0	0.0	0.0	0.0	2.0	0.0	1333.49	1.0	3224.0	1298.0	100.0	100.0	100.0	100.0	99.0	99.0	98.0	96.0	82.0
"SRX17981498_cl1_it2"	"SRX17981498"	"cl1"	"it2"	"KU179576:KU179576;"	"0.982"	"4764"	"4777"	"3423"	"62"	"0"	"4698"	"1276"	"4711"	"1289"	"0.0"	"2291"	"Tomato spotted wilt tospovirus"	"SPECIES"	"unknown"	"Tomato spotted wilt tospovirus"	"1933298"	"unknown"	"RNA"	"N"	"M"	"Plant,Invertebrate"	"71.85"	"acc|NEIGHBOR|KU179554.1|Orthotospovirus"	"acc|NEIGHBOR|KU179554.1|Orthotospovirus tomatomaculae isolate 14-44 segment M, complete sequence|Orthotospovirus tomatomaculae|VRL|27-NOV-2018"	"99.6"	"4764"	"4768"	"4746"	"15"	"4"	"14"	"4755"	"14"	"4759"	"0.0"	"8656"	4764.0	"No"	""	2.0	2.0	0.0	"Low-quality"	"Genome-fragment"	28.22	"AAI-based (high-confidence)"	0.0	1.0	""	2560196	"acc-NEIGHBOR-MF326510.1-Orthotospovirus"	5	8.03	8.22	0.0	"NODE_1_length_4321_cov_170.687147,k141_40,NODE_32_length_511_cov_148.356164,NODE_34_length_510_cov_59.778032,NODE_79_length_325_cov_7.523810"	22.0	0.46	"461.80"	283362636.0	134.0	37.3	0.008085191	14712.0	0.0	13187.0	0.6234404533287191	2102011.0	99.37655954667129	0.0	0.0	0.0	0.0	0.0	0.0	0.0	0.0	0.0	1.0	0.0	0.0	0.0	0.0	1824741.0	1819623.0	0.0	0.0	13187.0	0.0	2102011.0	""	9752.0	1.0	0.0	0.0	0.739516	"Unknown Library"	282034227.0	134.0	37.3	0.00816963	4029.0	0.0	3435.0	0.1631483305674902	2102011.0	99.83685166943252	0.0	0.0	0.0	0.0	0.0	0.0	0.0	0.0	0.0	1.0	0.0	0.0	0.0	0.0	496332.0	493168.0	0.0	0.0	5.0	116.0	3.0	8.0	1.0	116.0	0.0	0.0	124.0	0.0	0.0	0.0	28.0	28.0	88.0	88.0	3.14	3.14	20.0	4.0	6.0	4.0	1.0	24.0	6.0	6.0	1.0	0.0	28.0	16.0	103.51	0.0	158.0	111.0	100.0	100.0	99.0	92.0	62.0	0.0	0.0	0.0	0.0
"SRX17981498_cl2_it2"	"SRX17981498"	"cl2"	"it2"	"KT160282:KT160282;"	"0.995"	"2894"	"2984"	"1488"	"7"	"0"	"1179"	"2666"	"2"	"1489"	"0.0"	"994"	"Tomato spotted wilt tospovirus"	"SPECIES"	"unknown"	"Tomato spotted wilt tospovirus"	"1933298"	"unknown"	"RNA"	"N"	"S"	"Plant,Invertebrate"	"51.42"	"acc|NEIGHBOR|KT160282.1|Tomato"	"acc|NEIGHBOR|KT160282.1|Tomato spotted wilt virus segment S, complete sequence|Orthotospovirus tomatomaculae|VRL|15-SEP-2015"	"99.767"	"2894"	"2984"	"1718"	"3"	"1"	"1178"	"2894"	"1"	"1718"	"0.0"	"3151"	2894.0	"No"	""	2.0	2.0	0.0	"Low-quality"	"Genome-fragment"	17.15	"AAI-based (high-confidence)"	0.0	1.0	""	2560196	"k141_32"	1	32.81	33.58	0.0	"NODE_4_length_2909_cov_1145.287729"	0.0	0.03	"34.55"	283362636.0	134.0	37.3	0.00274623	20358.0	0.0	53869.0	2.546759215922103	2061329.0	97.4532407840779	0.0	0.0	0.0	0.0	0.0	0.0	0.0	0.0	0.0	23.0	0.0	0.0	0.0	0.0	7432746.0	7413072.0	0.0	0.0	53869.0	0.0	2061329.0	""	50338.0	23.0	0.0	0.0	0.934452	"Unknown Library"	276446762.0	134.0	37.3	0.003457827	1759.0	0.0	3531.0	0.17100432959135245	2061329.0	99.82899567040864	0.0	0.0	0.0	0.0	0.0	0.0	0.0	0.0	0.0	23.0	0.0	0.0	0.0	0.0	516872.0	508701.0	0.0	0.0	1.0	84.0	3.0	4.0	1.0	84.0	0.0	0.0	88.0	0.0	0.0	0.0	21.0	21.0	61.0	61.0	2.9	2.9	23.0	0.0	1.0	5.0	6.0	12.0	2.0	7.0	0.0	0.0	14.0	12.0	175.77	15.0	252.0	198.0	100.0	100.0	100.0	94.0	85.0	48.0	0.0	0.0	0.0
"SRX17981498_cl3_it2"	"SRX17981498"	"cl3"	"it2"	"KT160280:KT160280;"	"0.983"	"8915"	"8914"	"8643"	"147"	"0"	"8888"	"246"	"8887"	"245"	"0.0"	"5619"	"Tomato spotted wilt tospovirus"	"SPECIES"	"unknown"	"Tomato spotted wilt tospovirus"	"1933298"	"unknown"	"RNA"	"N"	"L"	"Plant,Invertebrate"	"96.95"	"acc|NEIGHBOR|KT160280.1|Tomato"	"acc|NEIGHBOR|KT160280.1|Tomato spotted wilt virus segment L, complete sequence|Orthotospovirus tomatomaculae|VRL|15-SEP-2015"	"95.88"	"8915"	"8914"	"8908"	"366"	"1"	"7"	"8914"	"7"	"8913"	"0.0"	"15060"	8915.0	"No"	""	1.0	1.0	0.0	"Medium-quality"	"Genome-fragment"	52.84	"AAI-based (high-confidence)"	0.0	1.0	""	2560196	"acc-NEIGHBOR-AB198742.1-Orthotospovirus"	15	35.82	36.67	0.0	"NODE_10_length_1059_cov_141.275862,NODE_9_length_1116_cov_325.418984,NODE_175_length_247_cov_493.327586,NODE_2_length_3175_cov_265.700838,NODE_3_length_3175_cov_127.850741,k141_53,NODE_7_length_2246_cov_335.135757,k141_27,k141_30,k141_33,NODE_5_length_2527_cov_316.890791,NODE_6_length_2471_cov_149.894495,k141_41,k141_48,k141_6"	357.0	4.0	"4004.49"	283362636.0	134.0	37.3	0.03895104	313961.0	0.0	58640.0	2.7723172960640095	2056558.0	97.227682703936	0.0	0.0	0.0	0.0	0.0	0.0	0.0	0.0	0.0	23.0	0.0	0.0	0.0	0.0	8103159.0	8060402.0	0.0	0.0	58640.0	0.0	2056558.0	""	49698.0	23.0	0.0	0.0	0.84751	"Unknown Library"	276563249.0	134.0	37.3	0.03820596	49330.0	0.0	8942.0	0.43292181069958846	2056558.0	99.5670781893004	0.0	0.0	0.0	0.0	0.0	0.0	0.0	0.0	0.0	23.0	0.0	0.0	0.0	0.0	1303772.0	1291160.0	0.0	0.0	3.0	947.0	1.0	4.0	1.0	947.0	0.0	0.0	951.0	0.0	0.0	0.0	33.0	33.0	213.0	213.0	6.45	6.45	43.0	3.0	6.0	5.0	7.0	74.0	4.0	8.0	0.0	0.0	52.0	44.0	144.82	0.0	239.0	149.0	100.0	100.0	100.0	99.0	87.0	5.0	0.0	0.0	0.0
"SRX25387944_cl1159_it2"	"SRX25387944"	"cl1159"	"it2"	""	""	""	""	""	""	""	""	""	""	""	""	""	""	""	""	""	""	""	""	""	""	""	""	""	""	""	""	""	""	""	""	""	""	""	""	""	""	1771.0	"No"	""	1.0	0.0	0.0	"Low-quality"	"Genome-fragment"	0.18	"AAI-based (high-confidence)"	0.0	1.0	"no viral genes detected; low-confidence DTR"	1977636	"k141_55915"	2	0.1	0.11	0.0	"k141_40982,NODE_8406_length_1288_cov_2460.986831"	136.0	7.68	"7679.28"	6441714320.0	147.0	36.6	0.01652013	131668.0	2.0	54980.0	0.12544695898135427	43772308.0	99.87455304101864	0.0	0.0	43827288.0	100.0	54716.0	0.1248445945366275	0.0	0.0	0.0	123.0	911.0	26469.0	206.2	51.3	8073677.0	7970157.0	0.0	0.0	198.0	0.0	43772308.0	21283.0	195.0	123.0	27391.0	11984.0	0.439487	"Unknown Library"	6438148324.0	147.0	36.6	0.01588552	70666.0	1.0	30817.0	0.07035342798030964	43772308.0	99.92964657201969	0.0	0.0	43803125.0	100.0	30768.0	0.07024156381536704	0.0	0.0	0.0	123.0	558.0	14840.0	205.7	55.1	4507681.0	4448455.0	0.0	0.0	2.0	45.0	1.0	3.0	1.0	45.0	0.0	0.0	48.0	0.0	0.0	0.0	12.0	12.0	30.0	30.0	2.5	2.5	5.0	0.0	2.0	2.0	2.0	6.0	4.0	2.0	0.0	0.0	11.0	8.0	1794.45	0.0	4959.0	1325.0	92.0	92.0	92.0	89.0	89.0	87.0	0.0	0.0	0.0
"SRX25387944_cl125_it2"	"SRX25387944"	"cl125"	"it2"	"MG919988:MG919988;"	"0.268"	"1829"	"15763"	"1371"	"992"	"0"	"154"	"1524"	"9701"	"11056"	"3.641e-28"	"124"	"Unclassified Arracacha virus 1"	"SPECIES"	"unknown"	"Unclassified Arracacha virus 1"	"2201042"	"unknown"	"RNA"	"N"	"N/A"	"Plant"	"74.96"	""	""	""	""	""	""	""	""	""	""	""	""	""	""	1829.0	"No"	""	1.0	1.0	0.0	"Low-quality"	"Genome-fragment"	0.24	"AAI-based (high-confidence)"	0.0	1.0	""	181084	"NODE_2796_length_1828_cov_474.049003"	6	0.14	0.17	0.0	"NODE_3373_length_1741_cov_1932.383693,k141_65841,k141_25498,k141_24173,NODE_35944_length_617_cov_118.244485,k141_47867"	36.0	2.02	"2022.96"	6441714320.0	147.0	36.6	0.02718142	299443.0	5.0	80941.0	0.18468174439632223	43746347.0	99.81531825560369	0.0	0.0	43827288.0	100.0	77168.0	0.17607295254043553	0.0	0.0	0.0	278.0	3243.0	35387.0	197.8	57.0	11929436.0	11016460.0	0.0	0.0	3643.0	0.0	43746347.0	31779.0	3634.0	278.0	38649.0	16288.0	0.447363	"Unknown Library"	6436348352.0	147.0	36.6	0.02869229	178245.0	4.0	44731.0	0.10214637785349791	43746347.0	99.8978536221465	0.0	0.0	43791078.0	100.0	44618.0	0.10188833442282468	0.0	0.0	0.0	278.0	2221.0	20125.0	199.6	59.2	6563468.0	6212297.0	0.0	0.0	0.0	267.0	1.0	1.0	1.0	267.0	0.0	0.0	268.0	0.0	0.0	0.0	69.0	69.0	160.0	160.0	2.32	2.32	53.0	6.0	8.0	7.0	9.0	46.0	6.0	19.0	7.0	7.0	34.0	27.0	2448.19	0.0	5653.0	1928.0	99.0	99.0	98.0	98.0	98.0	97.0	0.0	90.0	0.0
"SRX25387944_cl1365_it2"	"SRX25387944"	"cl1365"	"it2"	""	""	""	""	""	""	""	""	""	""	""	""	""	""	""	""	""	""	""	""	""	""	""	""	""	""	""	""	""	""	""	""	""	""	""	""	""	""	2150.0	"No"	""	1.0	0.0	0.0	"Not-determined"	"Genome-fragment"	""	""	0.0	1.0	"no viral genes detected"	289935	"k141_53548"	8	0.14	0.15	0.0	"NODE_12205_length_1105_cov_1861.266473,NODE_17674_length_935_cov_65.025522,NODE_8664_length_1272_cov_720.853211,NODE_53384_length_446_cov_2252.541555,NODE_50011_length_472_cov_990.526316,k141_34081,k141_46988,k141_5353"	83.0	3.86	"3860.47"	6441714320.0	147.0	36.6	0.03722512	710120.0	37.0	137005.0	0.3126020482946606	43690283.0	99.68739795170534	0.0	0.0	43827288.0	100.0	135372.0	0.30887605913466515	0.0	0.0	0.0	421.0	6576.0	61164.0	200.3	56.6	20151579.0	19076366.0	0.0	0.0	1405.0	0.0	43690283.0	44740.0	1398.0	421.0	67800.0	32890.0	0.490332	"Unknown Library"	6431772941.0	147.0	36.6	0.03888808	377576.0	20.0	69827.0	0.15956769761319156	43690283.0	99.8404323023868	0.0	0.0	43760110.0	100.0	69654.0	0.15917236039854563	0.0	0.0	0.0	421.0	4170.0	30700.0	200.7	61.3	10210200.0	9709299.0	0.0	0.0	2.0	237.0	2.0	4.0	1.0	237.0	0.0	0.0	241.0	0.0	0.0	0.0	68.0	68.0	122.0	122.0	1.79	1.79	54.0	8.0	7.0	3.0	7.0	27.0	14.0	15.0	2.0	12.0	22.0	19.0	3261.14	0.0	10695.0	2894.0	97.0	96.0	86.0	71.0	71.0	71.0	70.0	0.0	0.0
"SRX25387944_cl254_it2"	"SRX25387944"	"cl254"	"it2"	""	""	""	""	""	""	""	""	""	""	""	""	""	""	""	""	""	""	""	""	""	""	""	""	""	""	""	""	""	""	""	""	""	""	""	""	""	""	2328.0	"No"	""	3.0	0.0	0.0	"Not-determined"	"Genome-fragment"	""	""	0.0	1.02	"no viral genes detected"	3877	"k141_7753"	5	0.11	0.13	0.0	"NODE_97322_length_259_cov_23.849462,NODE_50904_length_465_cov_51.829082,NODE_5794_length_1473_cov_1905.879286,NODE_4405_length_1614_cov_276.530175,k141_8799"	127.0	5.46	"5455.33"	6441714320.0	147.0	36.6	0.01254503	117569.0	1.0	65630.0	0.14974688828567262	43761658.0	99.85025311171432	0.0	0.0	43827288.0	100.0	63020.0	0.14379169434348757	0.0	0.0	0.0	674.0	2280.0	29238.0	218.1	101.5	9660021.0	9371758.0	0.0	0.0	274.0	0.0	43761658.0	25906.0	264.0	674.0	32678.0	14110.0	0.434009	"Unknown Library"	6437498146.0	147.0	36.6	0.01323908	69859.0	1.0	37146.0	0.08481053500912948	43761658.0	99.91518946499087	0.0	0.0	43798804.0	100.0	35682.0	0.08146797798405636	0.0	0.0	0.0	674.0	1468.0	16378.0	219.0	108.3	5443847.0	5276725.0	0.0	0.0	3.0	182.0	3.0	6.0	1.0	182.0	0.0	0.0	188.0	0.0	0.0	0.0	67.0	67.0	86.0	86.0	1.28	1.28	18.0	7.0	12.0	7.0	14.0	19.0	6.0	12.0	2.0	7.0	19.0	30.0	1643.39	0.0	5201.0	1273.0	95.0	95.0	95.0	91.0	89.0	89.0	0.0	64.0	0.0
"SRX25387944_cl439_it2"	"SRX25387944"	"cl439"	"it2"	""	""	""	""	""	""	""	""	""	""	""	""	""	""	""	""	""	""	""	""	""	""	""	""	""	""	""	""	""	""	""	""	""	""	""	""	""	""	1777.0	"No"	""	1.0	0.0	1.0	"Not-determined"	"Genome-fragment"	""	""	0.0	1.0	"no viral genes detected; low-confidence DTR"	549779	"k141_62033"	7	0.11	0.22	0.0	"k141_52844,k141_52039,k141_8659,k141_51800,NODE_11255_length_1145_cov_48.710821,k141_44258,NODE_13381_length_1061_cov_3390.531377"	106.0	6.02	"6021.38"	6441714320.0	147.0	36.6	0.0500407	606950.0	1.0	86329.0	0.19697545510915485	43740959.0	99.80302454489085	0.0	0.0	43827288.0	100.0	85688.0	0.19551289598389024	0.0	0.0	0.0	312.0	4014.0	38889.0	204.0	55.3	12723768.0	12129128.0	0.0	0.0	463.0	0.0	43740959.0	32589.0	462.0	312.0	42933.0	19072.0	0.447196	"Unknown Library"	6435991736.0	147.0	36.6	0.05158611	343075.0	1.0	47723.0	0.10898478287151916	43740959.0	99.89101521712847	0.0	0.0	43788682.0	100.0	47598.0	0.10869932097979108	0.0	0.0	0.0	312.0	2732.0	21110.0	202.7	59.8	7001184.0	6650530.0	0.0	0.0	5.0	253.0	16.0	21.0	1.0	253.0	0.0	0.0	274.0	0.0	0.0	0.0	84.0	84.0	129.0	129.0	1.54	1.54	45.0	10.0	7.0	10.0	19.0	30.0	9.0	12.0	9.0	8.0	25.0	29.0	2701.28	0.0	6035.0	2637.0	95.0	95.0	92.0	88.0	86.0	85.0	0.0	0.0	0.0
"SRX26432135_cl108_it2"	"SRX26432135"	"cl108"	"it2"	"AF265566:AF265566;"	"0.45"	"3219"	"6366"	"120"	"54"	"0"	"2168"	"2287"	"5922"	"6020"	"0.0008653"	"36"	"Maize rayado fino virus"	"SPECIES"	"unknown"	"Maize rayado fino virus"	"59749"	"unknown"	"RNA"	"N"	"N/A"	"Plant"	"3.73"	""	""	""	""	""	""	""	""	""	""	""	""	""	""	3219.0	"No"	""	1.0	0.0	1.0	"Not-determined"	"Genome-fragment"	""	""	0.0	1.0	"no viral genes detected"	2763561	"NODE_2751_length_3219_cov_836.793071"	1	0.1	0.12	0.0	"k141_8834"	57.0	1.8	"1801.80"	5827591811.0	148.0	39.8	0.0008388463	4556.0	0.0	37391.0	0.09489855364665414	39363631.0	99.90510144635336	0.0	0.0	39401022.0	100.0	36916.0	0.09369300116123891	0.0	0.0	0.0	43.0	739.0	17737.0	244.6	64.1	5539236.0	5431269.0	0.0	0.0	431.0	0.0	39363631.0	21440.0	391.0	43.0	18480.0	6095.0	0.336471	"Unknown Library"	5825718320.0	148.0	39.8	0.0007997829	2877.0	0.0	24810.0	0.06298802229821689	39363631.0	99.93701197770179	0.0	0.0	39388441.0	100.0	24734.0	0.06279507229037067	0.0	0.0	0.0	43.0	569.0	11812.0	243.4	66.6	3665745.0	3597226.0	0.0	0.0	2.0	10.0	1.0	3.0	1.0	10.0	0.0	0.0	13.0	0.0	0.0	0.0	5.0	5.0	5.0	5.0	1.0	1.0	1.0	0.0	0.0	2.0	0.0	1.0	0.0	2.0	0.0	1.0	1.0	2.0	918.74	0.0	1743.0	956.0	98.0	97.0	96.0	94.0	92.0	92.0	0.0	74.0	44.0
"SRX26432135_cl111_it2"	"SRX26432135"	"cl111"	"it2"	""	""	""	""	""	""	""	""	""	""	""	""	""	""	""	""	""	""	""	""	""	""	""	""	""	""	""	""	""	""	""	""	""	""	""	""	""	""	1754.0	"No"	""	1.0	0.0	1.0	"Low-quality"	"Genome-fragment"	0.47	"AAI-based (medium-confidence)"	0.0	1.0	"no viral genes detected"	186768	"NODE_5571_length_1754_cov_4927.691255"	1	0.31	0.31	0.0	"k141_4750"	65.0	3.71	"3705.82"	5827591811.0	148.0	39.8	0.0008673886	16035.0	0.0	126168.0	0.32021504416814367	39274854.0	99.67978495583185	0.0	0.0	39401022.0	100.0	124638.0	0.3163318961624904	0.0	0.0	0.0	245.0	2046.0	60308.0	246.5	60.7	18698560.0	18486525.0	0.0	0.0	1378.0	0.0	39274854.0	44222.0	1366.0	245.0	62395.0	28959.0	0.469881	"Unknown Library"	5818753200.0	148.0	39.8	0.0007905689	7712.0	0.0	66884.0	0.17000774088831563	39274854.0	99.82999225911169	0.0	0.0	39341738.0	100.0	66760.0	0.16969255399952082	0.0	0.0	0.0	245.0	1508.0	31900.0	245.2	67.1	9859949.0	9755001.0	0.0	0.0	0.0	0.0	0.0	0.0	1.0	0.0	0.0	0.0	0.0	0.0	0.0	0.0	0.0	0.0	0.0	0.0	0.0	0.0	0.0	0.0	0.0	0.0	0.0	0.0	0.0	0.0	0.0	0.0	0.0	0.0	4559.97	0.0	6999.0	5476.0	96.0	95.0	94.0	94.0	94.0	93.0	0.0	0.0	0.0
"SRX26432135_cl34_it2"	"SRX26432135"	"cl34"	"it2"	""	""	""	""	""	""	""	""	""	""	""	""	""	""	""	""	""	""	""	""	""	""	""	""	"acc|GENBANK|PP057892.1|UNVERIFIED:"	"acc|GENBANK|PP057892.1|UNVERIFIED: White spot syndrome virus clone contig_4 sequence|White spot syndrome virus|VRL|07-JAN-2024"	"82.152"	"909"	"7661"	"409"	"71"	"2"	"308"	"715"	"7315"	"6908"	"6.28e-92"	"350"	909.0	"No"	""	1.0	1.0	0.0	"Low-quality"	"Genome-fragment"	0.57	"AAI-based (high-confidence)"	0.0	1.0	""	181084	"NODE_7827_length_909_cov_4797.520335"	1	0.15	0.16	0.0	"k141_6438"	53.0	5.94	"5940.59"	5827591811.0	148.0	39.8	0.0008960956	7711.0	0.0	59369.0	0.15067883264550855	39341653.0	99.84932116735449	0.0	0.0	39401022.0	100.0	58326.0	0.14803169318805992	0.0	0.0	0.0	227.0	1080.0	28100.0	243.7	63.5	8774621.0	8605109.0	0.0	0.0	995.0	0.0	39341653.0	17693.0	927.0	227.0	29187.0	14893.0	0.517324	"Unknown Library"	5823019796.0	148.0	39.8	0.0008593198	3542.0	0.0	28656.0	0.07278581430488645	39341653.0	99.9272141856951	0.0	0.0	39370309.0	100.0	28558.0	0.07253689576071146	0.0	0.0	0.0	227.0	743.0	13545.0	239.9	71.1	4202606.0	4121865.0	0.0	0.0	2.0	7.0	1.0	3.0	1.0	7.0	0.0	0.0	10.0	0.0	0.0	0.0	5.0	5.0	2.0	2.0	0.4	0.4	1.0	1.0	0.0	1.0	1.0	0.0	1.0	1.0	0.0	0.0	0.0	1.0	3687.32	0.0	7878.0	3864.0	94.0	94.0	90.0	87.0	86.0	77.0	0.0	73.0	0.0
"SRX26432135_cl49_it2"	"SRX26432135"	"cl49"	"it2"	""	""	""	""	""	""	""	""	""	""	""	""	""	""	""	""	""	""	""	""	""	""	""	""	"acc|GENBANK|KY565524.1|Mimivirus"	"acc|GENBANK|KY565524.1|Mimivirus AB-566-O17 Contig13.1, partial genome|Mimivirus AB-566-O17|VRL|17-MAY-2017"	"77.974"	"7025"	"4249"	"227"	"50"	"0"	"1026"	"1252"	"1508"	"1734"	"9.15e-29"	"143"	7025.0	"Yes"	1487.0	5.0	1.0	2.0	"Not-determined"	"Genome-fragment"	""	""	78.83	1.0	""	10239	"k141_1097"	0	0.0	0.3	0.0	""	434.0	6.19	"6192.17"	5827591811.0	148.0	39.8	0.01076327	234676.0	2354.0	174687.0	0.44335652004153603	39226335.0	99.55664347995847	0.0	0.0	39401022.0	100.0	165448.0	0.4199078896989017	0.0	0.0	0.0	1916.0	7569.0	76102.0	207.2	78.8	25694397.0	21803402.0	0.0	0.0	7277.0	0.0	39226335.0	46751.0	7239.0	1916.0	83705.0	44756.0	0.553853	"Unknown Library"	5813236424.0	148.0	39.8	0.01098683	105303.0	1056.0	77936.0	0.19828888315979706	39226335.0	99.80171111684021	0.0	0.0	39304271.0	100.0	76774.0	0.1953324614518356	0.0	0.0	0.0	1916.0	4577.0	34346.0	199.3	85.1	11339010.0	9584476.0	0.0	0.0	1.0	96.0	1.0	2.0	1.0	96.0	0.0	0.0	98.0	0.0	0.0	0.0	43.0	43.0	52.0	52.0	1.21	1.21	20.0	4.0	4.0	3.0	3.0	18.0	4.0	6.0	11.0	8.0	9.0	5.0	1082.44	0.0	12749.0	52.0	94.0	94.0	92.0	51.0	43.0	28.999999999999996	0.0	18.0	0.0
"SRX26432135_cl65_it2"	"SRX26432135"	"cl65"	"it2"	""	""	""	""	""	""	""	""	""	""	""	""	""	""	""	""	""	""	""	""	""	""	""	""	""	""	""	""	""	""	""	""	""	""	""	""	""	""	3133.0	"No"	""	1.0	0.0	1.0	"Not-determined"	"Genome-fragment"	""	""	0.0	1.0	"no viral genes detected"	549779	"k141_8042"	1	0.1	0.09	0.0	"NODE_2329_length_3564_cov_779.143225"	21.0	0.7	"702.20"	5827591811.0	148.0	39.8	0.0008817886	5041.0	0.0	40379.0	0.10248211328122403	39360643.0	99.89751788671877	0.0	0.0	39401022.0	100.0	39216.0	0.09953041319588106	0.0	0.0	0.0	60.0	790.0	18828.0	240.4	68.3	5988963.0	5716790.0	0.0	0.0	1129.0	0.0	39360643.0	22860.0	1086.0	60.0	19625.0	6453.0	0.346517	"Unknown Library"	5825505475.0	148.0	39.8	0.0008371025	3145.0	0.0	26387.0	0.06699413487130154	39360643.0	99.9330058651287	0.0	0.0	39387030.0	100.0	26316.0	0.06681387248543492	0.0	0.0	0.0	60.0	601.0	12565.0	240.2	70.3	3902627.0	3757007.0	0.0	0.0	0.0	1.0	0.0	0.0	1.0	1.0	0.0	0.0	1.0	0.0	0.0	0.0	0.0	0.0	1.0	1.0	0.0	0.0	0.0	0.0	0.0	0.0	0.0	1.0	0.0	0.0	0.0	0.0	0.0	0.0	989.3	0.0	1581.0	1005.0	99.0	99.0	99.0	98.0	97.0	96.0	0.0	86.0	51.0
"SRX27477944_cl217_it2"	"SRX27477944"	"cl217"	"it2"	""	""	""	""	""	""	""	""	""	""	""	""	""	""	""	""	""	""	""	""	""	""	""	""	""	""	""	""	""	""	""	""	""	""	""	""	""	""	1117.0	"No"	""	1.0	0.0	0.0	"Not-determined"	"Genome-fragment"	""	""	0.0	1.0	"no viral genes detected"	289935	"NODE_15365_length_1121_cov_62.537214"	6	0.09	0.1	0.0	"NODE_129862_length_234_cov_0.956522,NODE_9719_length_1390_cov_1133.333333,k141_14964,k141_53839,k141_73246,NODE_6055_length_1683_cov_49.886335"	3.0	0.27	"268.58"	3838893000.0	149.0	36.3	0.02298038	84086.0	1.0	26002.0	0.10087229200065112	25751146.0	99.89912770799934	0.0	0.0	25777148.0	100.0	25166.0	0.0976291093180673	0.0	0.0	0.0	65.0	754.0	11829.0	218.7	71.4	3875710.0	3659034.0	0.0	0.0	824.0	0.0	25751146.0	19734.0	793.0	65.0	12589.0	3282.0	0.28294	"Unknown Library"	3837796684.0	149.0	36.3	0.02306225	60721.0	1.0	18645.0	0.07235215838576262	25751146.0	99.92764784161425	0.0	0.0	25769791.0	100.0	18602.0	0.07218529634175147	0.0	0.0	0.0	65.0	559.0	8742.0	221.1	75.0	2779394.0	2632918.0	0.0	0.0	0.0	181.0	0.0	0.0	1.0	181.0	0.0	0.0	181.0	0.0	0.0	0.0	73.0	73.0	100.0	100.0	1.37	1.37	40.0	9.0	13.0	9.0	4.0	32.0	10.0	19.0	1.0	8.0	15.0	13.0	1780.56	470.0	3267.0	1544.0	100.0	100.0	100.0	100.0	100.0	100.0	0.0	0.0	0.0
"SRX27477944_cl264_it2"	"SRX27477944"	"cl264"	"it2"	"MG919988:MG919988;"	"0.277"	"819"	"15763"	"786"	"544"	"0"	"4"	"789"	"10289"	"11041"	"7.992e-16"	"80"	"Unclassified Arracacha virus 1"	"SPECIES"	"unknown"	"Unclassified Arracacha virus 1"	"2201042"	"unknown"	"RNA"	"N"	"N/A"	"Plant"	"95.97"	""	""	""	""	""	""	""	""	""	""	""	""	""	""	819.0	"No"	""	1.0	0.0	0.0	"Low-quality"	"Genome-fragment"	0.1	"AAI-based (high-confidence)"	0.0	1.0	"no viral genes detected"	181084	"k141_51061"	2	0.13	0.15	0.0	"NODE_3184_length_2100_cov_1130.146522,k141_1772"	0.0	0.0	"0.00"	3838893000.0	149.0	36.3	0.05280981	192333.0	51.0	28940.0	0.11226998425116697	25748208.0	99.88773001574883	0.0	0.0	25777148.0	100.0	26472.0	0.10269561240832384	0.0	0.0	0.0	16.0	1187.0	12058.0	192.4	73.9	4312561.0	3641994.0	0.0	0.0	2450.0	0.0	25748208.0	17257.0	2403.0	16.0	13245.0	3998.0	0.35933	"Unknown Library"	3837343528.0	149.0	36.3	0.05136101	120828.0	28.0	18541.0	0.07195707925745697	25748208.0	99.92804292074254	0.0	0.0	25766749.0	100.0	18476.0	0.07170481615666764	0.0	0.0	0.0	16.0	773.0	8474.0	197.8	78.3	2763089.0	2352524.0	0.0	0.0	0.0	212.0	0.0	0.0	1.0	212.0	0.0	0.0	212.0	0.0	0.0	0.0	78.0	78.0	134.0	134.0	1.72	1.72	48.0	10.0	9.0	10.0	18.0	36.0	6.0	12.0	8.0	5.0	23.0	27.0	2119.62	295.0	3110.0	2190.0	100.0	100.0	100.0	100.0	100.0	100.0	0.0	0.0	0.0
"SRX27477944_cl272_consensus"	"SRX27477944"	"cl272"	"consensus"	""	""	""	""	""	""	""	""	""	""	""	""	""	""	""	""	""	""	""	""	""	""	""	""	""	""	""	""	""	""	""	""	""	""	""	""	""	""	356.0	"No"	""	1.0	0.0	0.0	"Not-determined"	"Genome-fragment"	""	""	0.0	1.0	"no viral genes detected"	181084	"k141_44209"	6	0.15	0.21	0.0	"NODE_6225_length_1667_cov_450.427227,k141_32846,NODE_7863_length_1523_cov_349.946207,k141_42317,k141_47237,NODE_16865_length_1070_cov_1385.670010"	""	""	""	3838893000.0	149.0	36.3	0.06718554	284472.0	21.0	33428.0	0.12968075444188007	25743720.0	99.87031924555811	0.0	0.0	25777148.0	100.0	29562.0	0.11468297423749128	0.0	0.0	0.0	170.0	1871.0	12915.0	186.0	60.6	4979843.0	4234125.0	0.0	0.0	3834.0	0.0	25743720.0	12971.0	3806.0	170.0	14797.0	5971.0	0.471102	"Unknown Library"	3836544877.0	149.0	36.3	0.06803948	149723.0	16.0	17680.0	0.06862981049166583	25743720.0	99.93137018950834	0.0	0.0	25761400.0	100.0	17624.0	0.06841243100142072	0.0	0.0	0.0	170.0	1240.0	7577.0	187.2	65.2	2631720.0	2200531.0	0.0	0.0	0.0	71.0	0.0	0.0	1.0	71.0	0.0	0.0	71.0	0.0	0.0	0.0	20.0	20.0	51.0	51.0	2.55	2.55	4.0	4.0	0.0	3.0	4.0	17.0	1.0	3.0	3.0	2.0	11.0	19.0	4520.78	1915.0	5899.0	4987.0	100.0	100.0	100.0	100.0	100.0	100.0	0.0	0.0	0.0
"SRX27477944_cl355_it2"	"SRX27477944"	"cl355"	"it2"	""	""	""	""	""	""	""	""	""	""	""	""	""	""	""	""	""	""	""	""	""	""	""	""	""	""	""	""	""	""	""	""	""	""	""	""	""	""	1018.0	"No"	""	1.0	0.0	1.0	"Not-determined"	"Genome-fragment"	""	""	0.0	1.0	"no viral genes detected"	186768	"k141_47297"	6	0.23	0.22	0.0	"NODE_16122_length_1094_cov_2216.802155,k141_60045,k141_74409,NODE_11400_length_1296_cov_1479.348324,k141_20680,k141_52456"	5.0	0.59	"589.39"	3838893000.0	149.0	36.3	0.05002747	440622.0	6.0	63642.0	0.24689310081937693	25713506.0	99.75310689918062	0.0	0.0	25777148.0	100.0	60212.0	0.2335867412484888	0.0	0.0	0.0	71.0	2470.0	27639.0	207.5	66.6	9483346.0	8807600.0	0.0	0.0	3394.0	0.0	25713506.0	30169.0	3371.0	71.0	30124.0	11070.0	0.400852	"Unknown Library"	3835091985.0	149.0	36.3	0.04981122	265076.0	4.0	38131.0	0.14807214003521407	25713506.0	99.85192785996479	0.0	0.0	25751637.0	100.0	38072.0	0.1478430283868944	0.0	0.0	0.0	71.0	1520.0	17519.0	212.8	71.9	5682331.0	5321612.0	0.0	0.0	0.0	176.0	0.0	0.0	1.0	176.0	0.0	0.0	176.0	0.0	0.0	0.0	57.0	57.0	102.0	102.0	1.79	1.79	39.0	4.0	7.0	6.0	5.0	37.0	13.0	16.0	2.0	4.0	19.0	7.0	3872.18	202.0	6753.0	3443.0	100.0	100.0	100.0	100.0	100.0	100.0	0.0	0.0	0.0
"SRX27477944_cl787_it2"	"SRX27477944"	"cl787"	"it2"	"KY983389:KY983389;"	"0.992"	"9724"	"9733"	"9228"	"74"	"0"	"146"	"9373"	"145"	"9372"	"0.0"	"6198"	"Potato virus Y"	"SPECIES"	"unknown"	"Potato virus Y"	"12216"	"unknown"	"RNA"	"N"	"N/A"	"Plant"	"94.9"	"acc|NEIGHBOR|MG591487.1|Potato"	"acc|NEIGHBOR|MG591487.1|Potato virus Y isolate PVYN, complete genome|Potato virus Y|VRL|09-JAN-2018"	"99.928"	"9724"	"9724"	"9697"	"7"	"0"	"28"	"9724"	"28"	"9724"	"0.0"	"17869"	9724.0	"No"	""	1.0	1.0	0.0	"High-quality"	"High-quality"	99.53	"AAI-based (high-confidence)"	0.0	1.0	""	12195	"acc-NEIGHBOR-MG591487.1-Potato"	5	4.94	4.94	0.0	"NODE_3_length_8784_cov_10507.570428,NODE_142847_length_145_cov_10.347222,k141_48560,NODE_15753_length_1107_cov_275.411025,k141_64229"	26.0	0.28	"277.66"	3838893000.0	149.0	36.3	0.0009003757	166895.0	190.0	1247281.0	4.838708300856247	24529867.0	95.16129169914376	0.0	0.0	25777148.0	100.0	1245112.0	4.830293871145094	0.0	0.0	0.0	2113.0	26007.0	596632.0	230.6	69.5	185959990.0	185361517.0	0.0	0.0	1479.0	0.0	24529867.0	262211.0	1460.0	2113.0	622901.0	385065.0	0.618618	"Unknown Library"	3723872790.0	149.0	36.3	0.0008311297	58615.0	182.0	475691.0	1.902341071532977	24529867.0	98.09765892846703	0.0	0.0	25005558.0	100.0	475056.0	1.8998016361002623	0.0	0.0	0.0	2113.0	9298.0	228304.0	244.7	79.4	70939780.0	70524498.0	0.0	0.0	0.0	5.0	0.0	0.0	1.0	5.0	0.0	0.0	5.0	0.0	0.0	0.0	0.0	0.0	5.0	5.0	0.0	0.0	1.0	0.0	0.0	0.0	0.0	2.0	0.0	0.0	0.0	0.0	1.0	1.0	5674.38	0.0	20293.0	3789.0	100.0	100.0	100.0	100.0	100.0	99.0	89.0	0.0	81.0
"SRX28813238_cl1051_it2"	"SRX28813238"	"cl1051"	"it2"	"KC261965:KC261965;"	"0.984"	"4387"	"8914"	"195"	"3"	"0"	"4192"	"4386"	"2833"	"3027"	"1.768e-38"	"136"	"Tomato spotted wilt tospovirus"	"SPECIES"	"unknown"	"Tomato spotted wilt tospovirus"	"1933298"	"unknown"	"RNA"	"N"	"L"	"Plant,Invertebrate"	"4.44"	"acc|NEIGHBOR|KP008130.1|Tomato"	"acc|NEIGHBOR|KP008130.1|Tomato spotted wilt virus isolate Pujol1TL3 segment L, complete sequence|Orthotospovirus tomatomaculae|VRL|21-JUN-2015"	"100.0"	"4387"	"8914"	"191"	"0"	"0"	"4197"	"4387"	"2838"	"3028"	"2.4199999999999998e-92"	"353"	4387.0	"No"	""	2.0	1.0	0.0	"Not-determined"	"Genome-fragment"	""	""	0.0	1.0	""	2560196	"k141_17100"	0	0.0	6.53	0.0	""	177.0	4.06	"4057.44"	2037223097.0	146.0	33.5	0.0007041688	172035.0	0.0	1785319.0	12.775762247548458	12188947.0	87.22423775245154	0.0	0.0	13974266.0	100.0	1709306.0	12.231812390003167	0.0	0.0	0.0	95.0	146106.0	708623.0	162.9	34.3	255294897.0	244309314.0	0.0	0.0	75801.0	0.0	12188947.0	28205.0	75658.0	95.0	854759.0	826554.0	0.968323	"Unknown Library"	1789737297.0	146.0	33.5	0.0009833568	5829.0	0.0	56553.0	0.46182679351598543	12188947.0	99.53817320648402	0.0	0.0	12245500.0	100.0	56226.0	0.45915642480911356	0.0	0.0	0.0	95.0	8120.0	20055.0	138.5	48.6	7809097.0	5927655.0	0.0	0.0	4.0	159.0	3.0	7.0	1.0	159.0	0.0	0.0	166.0	0.0	0.0	0.0	79.0	79.0	80.0	80.0	1.01	1.01	11.0	9.0	10.0	10.0	11.0	22.0	7.0	17.0	8.0	7.0	23.0	24.0	864.38	0.0	12061.0	8.0	97.0	90.0	41.0	18.0	11.0	11.0	0.0	0.0	0.0
"SRX28813238_cl1057_it2"	"SRX28813238"	"cl1057"	"it2"	"KY250490:KY250490;"	"0.987"	"2960"	"2936"	"1488"	"19"	"0"	"2"	"1489"	"3"	"1490"	"0.0"	"996"	"Tomato spotted wilt tospovirus"	"SPECIES"	"unknown"	"Tomato spotted wilt tospovirus"	"1933298"	"unknown"	"RNA"	"N"	"S"	"Plant,Invertebrate"	"50.27"	"acc|NEIGHBOR|KC261967.1|Tomato"	"acc|NEIGHBOR|KC261967.1|Tomato spotted wilt virus isolate TSWV-12 segment S, complete sequence|Orthotospovirus tomatomaculae|VRL|03-JUN-2013"	"99.561"	"2960"	"2961"	"2962"	"10"	"3"	"1"	"2960"	"1"	"2961"	"0.0"	"5395"	2960.0	"No"	""	2.0	2.0	0.0	"Low-quality"	"Genome-fragment"	17.54	"AAI-based (high-confidence)"	0.0	1.0	""	2560196	"acc-NEIGHBOR-HQ830187.1-Tomato"	2	8.88	6.16	0.0	"NODE_120_length_3566_cov_21156.207272,k141_13026"	0.0	0.0	"0.00"	2037223097.0	146.0	33.5	0.001059781	162677.0	4.0	1042943.0	7.463311489848555	12931323.0	92.53668851015145	0.0	0.0	13974266.0	100.0	1040500.0	7.4458293551876	0.0	0.0	0.0	423.0	27403.0	492909.0	292.0	121.8	153719386.0	153500558.0	0.0	0.0	2183.0	0.0	12931323.0	192583.0	2169.0	423.0	520380.0	340712.0	0.655446	"Unknown Library"	1936276116.0	146.0	33.5	0.001099619	57914.0	4.0	359350.0	2.703775798260931	12931323.0	97.29622420173907	0.0	0.0	13290673.0	100.0	359106.0	2.701939924336412	0.0	0.0	0.0	423.0	11315.0	168294.0	311.9	137.4	52772405.0	52667345.0	0.0	0.0	1.0	31.0	1.0	2.0	1.0	31.0	0.0	0.0	33.0	0.0	0.0	0.0	19.0	19.0	12.0	12.0	0.63	0.63	3.0	1.0	2.0	2.0	6.0	3.0	3.0	2.0	3.0	0.0	3.0	3.0	15113.77	106.0	26206.0	16382.0	100.0	100.0	100.0	100.0	100.0	100.0	0.0	0.0	0.0
"SRX28813238_cl1060_it2"	"SRX28813238"	"cl1060"	"it2"	"KC261965:KC261965;"	"0.994"	"8914"	"8914"	"8643"	"52"	"0"	"8887"	"245"	"28"	"8670"	"0.0"	"5692"	"Tomato spotted wilt tospovirus"	"SPECIES"	"unknown"	"Tomato spotted wilt tospovirus"	"1933298"	"unknown"	"RNA"	"N"	"L"	"Plant,Invertebrate"	"96.96"	"acc|GENBANK|OR166268.1|Orthotospovirus"	"acc|GENBANK|OR166268.1|Orthotospovirus tomatomaculae isolate FG-tomSRB segment L, complete sequence|Orthotospovirus tomatomaculae|VRL|03-SEP-2023"	"99.663"	"8914"	"8914"	"8914"	"30"	"0"	"1"	"8914"	"8914"	"1"	"0.0"	"16295"	8914.0	"No"	""	1.0	1.0	0.0	"Medium-quality"	"Genome-fragment"	52.82	"AAI-based (high-confidence)"	0.0	1.0	""	2560196	"acc-NEIGHBOR-KJ575619.1-Tomato"	5	37.46	37.95	0.0	"NODE_10_length_8970_cov_34945.932224,k141_2240,k141_30940,k141_29162,NODE_75170_length_145_cov_8.458333"	0.0	0.0	"0.00"	2037223097.0	146.0	33.5	0.0006997199	446684.0	0.0	4338278.0	31.044764712507977	9635988.0	68.95523528749202	0.0	0.0	13974266.0	100.0	4328512.0	30.97487910992964	0.0	0.0	0.0	2070.0	114617.0	2050540.0	294.2	121.4	638741289.0	638375453.0	0.0	0.0	6444.0	0.0	9635988.0	714443.0	6441.0	2070.0	2165917.0	1485937.0	0.68652	"Unknown Library"	1598031335.0	145.0	33.5	0.000725858	144732.0	0.0	1359963.0	12.367852494068043	9635988.0	87.63214750593195	0.0	0.0	10995951.0	100.0	1356954.0	12.340487875946335	0.0	0.0	0.0	2070.0	43813.0	635477.0	316.5	139.5	199549527.0	199394368.0	0.0	0.0	0.0	30.0	0.0	0.0	1.0	30.0	0.0	0.0	30.0	0.0	0.0	0.0	18.0	18.0	12.0	12.0	0.67	0.67	1.0	5.0	1.0	2.0	3.0	3.0	3.0	1.0	2.0	1.0	3.0	5.0	19064.58	20.0	28293.0	18997.0	100.0	100.0	100.0	100.0	100.0	100.0	0.0	0.0	0.0
"SRX28813238_cl1062_it2"	"SRX28813238"	"cl1062"	"it2"	"KU179576:KU179576;"	"0.992"	"4765"	"4777"	"3423"	"27"	"0"	"4699"	"1277"	"4711"	"1289"	"0.0"	"2312"	"Tomato spotted wilt tospovirus"	"SPECIES"	"unknown"	"Tomato spotted wilt tospovirus"	"1933298"	"unknown"	"RNA"	"N"	"M"	"Plant,Invertebrate"	"71.84"	"acc|GENBANK|ON840008.1|Tomato"	"acc|GENBANK|ON840008.1|Tomato spotted wilt orthotospovirus isolate T1107 segment M, complete sequence|Orthotospovirus tomatomaculae|VRL|06-MAR-2023"	"99.161"	"4765"	"4763"	"4765"	"38"	"2"	"1"	"4765"	"1"	"4763"	"0.0"	"8576"	4765.0	"No"	""	2.0	2.0	0.0	"Low-quality"	"Genome-fragment"	28.23	"AAI-based (high-confidence)"	0.0	1.0	""	2560196	"acc-NEIGHBOR-KJ575621.1-Tomato"	4	19.39	19.65	0.0	"NODE_55_length_5084_cov_31839.133706,k141_8103,k141_91,NODE_75165_length_145_cov_11.750000"	0.0	0.0	"0.00"	2037223097.0	146.0	33.5	0.0007639649	247914.0	0.0	2207213.0	15.794840315763276	11767053.0	84.20515968423673	0.0	0.0	13974266.0	100.0	2202328.0	15.75988320245228	0.0	0.0	0.0	963.0	60623.0	1040774.0	289.7	120.6	324796670.0	324509659.0	0.0	0.0	3993.0	0.0	11767053.0	407735.0	3982.0	963.0	1101610.0	721228.0	0.655323	"Unknown Library"	1824000522.0	146.0	33.5	0.000786973	87702.0	0.0	760775.0	6.072680755195554	11767053.0	93.92731924480444	0.0	0.0	12527828.0	100.0	759940.0	6.066015593445249	0.0	0.0	0.0	963.0	24621.0	355563.0	314.1	138.0	111574095.0	111442198.0	0.0	0.0	0.0	13.0	0.0	0.0	1.0	13.0	0.0	0.0	13.0	0.0	0.0	0.0	4.0	4.0	9.0	9.0	2.25	2.25	4.0	1.0	0.0	1.0	2.0	1.0	0.0	0.0	0.0	0.0	3.0	1.0	19893.53	54.0	30904.0	20911.0	100.0	100.0	100.0	100.0	100.0	100.0	0.0	0.0	0.0
