"sample","fastq_1","fastq_2","run_accession","experiment_accession","sample_accession","secondary_sample_accession","study_accession","secondary_study_accession","submission_accession","run_alias","experiment_alias","sample_alias","study_alias","library_layout","library_selection","library_source","library_strategy","library_name","instrument_model","instrument_platform","base_count","read_count","tax_id","scientific_name","sample_title","experiment_title","study_title","sample_description","fastq_md5","fastq_bytes","fastq_ftp","fastq_galaxy","fastq_aspera"
"ERX13777354","data/sra/fastq/ERX13777354_ERR14376447_1.fastq.gz","data/sra/fastq/ERX13777354_ERR14376447_2.fastq.gz","ERR14376447","ERX13777354","SAMEA117701649","ERS23398510","PRJEB83635","ERP167225","ERA31152460","revseq_run_zxhtR4_20250217143752432374","revseq_experiment_zxhtR4_20250217143752432374","revseq_sample_zxhtR4_20250217143752432374","revseq_study","PAIRED","cDNA","GENOMIC","Targeted-Capture","Respiratory Virus Oligos Panel V2","NextSeq 500","ILLUMINA","130950828","1801826","208893","Human respiratory syncytial virus A","ReVSeq Sample zxhtR4","NextSeq 500 paired end sequencing: ReVSeq Experiment","Respiratory Virus Sequencing","ReVSeq Sample Description","c1a79b4617e7a6af040433744f277203;1e213dda22612ae293227b397ffe93c5;c0a997028e38d86470f8561809bad8c3","3986;35437789;36282014","ftp.sra.ebi.ac.uk/vol1/fastq/ERR143/047/ERR14376447/ERR14376447.fastq.gz;ftp.sra.ebi.ac.uk/vol1/fastq/ERR143/047/ERR14376447/ERR14376447_1.fastq.gz;ftp.sra.ebi.ac.uk/vol1/fastq/ERR143/047/ERR14376447/ERR14376447_2.fastq.gz","ftp.sra.ebi.ac.uk/vol1/fastq/ERR143/047/ERR14376447/ERR14376447.fastq.gz;ftp.sra.ebi.ac.uk/vol1/fastq/ERR143/047/ERR14376447/ERR14376447_1.fastq.gz;ftp.sra.ebi.ac.uk/vol1/fastq/ERR143/047/ERR14376447/ERR14376447_2.fastq.gz","fasp.sra.ebi.ac.uk:/vol1/fastq/ERR143/047/ERR14376447/ERR14376447.fastq.gz;fasp.sra.ebi.ac.uk:/vol1/fastq/ERR143/047/ERR14376447/ERR14376447_1.fastq.gz;fasp.sra.ebi.ac.uk:/vol1/fastq/ERR143/047/ERR14376447/ERR14376447_2.fastq.gz"
"ERX5184869","data/sra/fastq/ERX5184869_ERR5400142_1.fastq.gz","data/sra/fastq/ERX5184869_ERR5400142_2.fastq.gz","ERR5400142","ERX5184869","SAMEA8181289","ERS5868016","PRJEB37886","ERP121228","ERA3514322","COG-UK/LOND-132AD4F/LOND_UCLH:210218_M03972_0333_000000000-JFVYJ","COG-UK/LOND-132AD4F/LOND_UCLH:210218_M03972_0333_000000000-JFVYJ","COG-UK/LOND-132AD4F","ena-STUDY-COVID-19 Genomics UK Consortium-18-04-2020-13:10:01:615-410","SINGLE","PCR","GENOMIC","WGS","","Illumina MiSeq","ILLUMINA","49862574","349612","2697049","Severe acute respiratory syndrome coronavirus 2","COG-UK/LOND-132AD4F","Illumina MiSeq sequencing: COG-UK/LOND-132AD4F/LOND_UCLH:210218_M03972_0333_000000000-JFVYJ","COVID-19 Genomics UK (COG-UK) consortium","COG-UK/LOND-132AD4F","3ff60af97abea9f549740dfdf70932d1;8460e69239cd6c053d3d4e91df094570;f88f9d8227d5e3948adac70e572fd250","154663;8550506;8920985","ftp.sra.ebi.ac.uk/vol1/fastq/ERR540/002/ERR5400142/ERR5400142.fastq.gz;ftp.sra.ebi.ac.uk/vol1/fastq/ERR540/002/ERR5400142/ERR5400142_1.fastq.gz;ftp.sra.ebi.ac.uk/vol1/fastq/ERR540/002/ERR5400142/ERR5400142_2.fastq.gz","ftp.sra.ebi.ac.uk/vol1/fastq/ERR540/002/ERR5400142/ERR5400142.fastq.gz;ftp.sra.ebi.ac.uk/vol1/fastq/ERR540/002/ERR5400142/ERR5400142_1.fastq.gz;ftp.sra.ebi.ac.uk/vol1/fastq/ERR540/002/ERR5400142/ERR5400142_2.fastq.gz","fasp.sra.ebi.ac.uk:/vol1/fastq/ERR540/002/ERR5400142/ERR5400142.fastq.gz;fasp.sra.ebi.ac.uk:/vol1/fastq/ERR540/002/ERR5400142/ERR5400142_1.fastq.gz;fasp.sra.ebi.ac.uk:/vol1/fastq/ERR540/002/ERR5400142/ERR5400142_2.fastq.gz"
"ERX5701202","data/sra/fastq/ERX5701202_ERR6062334.fastq.gz","","ERR6062334","ERX5701202","SAMEA9206872","ERS6931481","PRJEB37886","ERP121228","ERA4865225","COG-UK/GSTT-210113BPBC39/GSTT:GSTT-210113BP","COG-UK/GSTT-210113BPBC39/GSTT:GSTT-210113BP","COG-UK/GSTT-210113BPBC39","ena-STUDY-COVID-19 Genomics UK Consortium-18-04-2020-13:10:01:615-410","SINGLE","RANDOM","GENOMIC","WGS","","GridION","OXFORD_NANOPORE","14721121","29780","2697049","Severe acute respiratory syndrome coronavirus 2","COG-UK/GSTT-210113BPBC39","GridION sequencing: COG-UK/GSTT-210113BPBC39/GSTT:GSTT-210113BP","COVID-19 Genomics UK (COG-UK) consortium","COG-UK/GSTT-210113BPBC39","39cd3d85b6d247684bdbb33f835c6b50","13734735","ftp.sra.ebi.ac.uk/vol1/fastq/ERR606/004/ERR6062334/ERR6062334.fastq.gz","ftp.sra.ebi.ac.uk/vol1/fastq/ERR606/004/ERR6062334/ERR6062334.fastq.gz","fasp.sra.ebi.ac.uk:/vol1/fastq/ERR606/004/ERR6062334/ERR6062334.fastq.gz"
"ERX9551285","data/sra/fastq/ERX9551285_ERR10010326_1.fastq.gz","data/sra/fastq/ERX9551285_ERR10010326_2.fastq.gz","ERR10010326","ERX9551285","SAMEA13056785","ERS10655463","PRJEB43828","ERP127797","ERA16610035","webin-reads-SPSP1997948","webin-reads-SPSP1997948","SPSP1997948","SARS-CoV-2_CH-BE 50","PAIRED","RT-PCR","VIRAL RNA","WGA","Illumina COVIDSeq (ARTIC v4)","Illumina NovaSeq 6000","ILLUMINA","224998860","3813540","2697049","Severe acute respiratory syndrome coronavirus 2","hCoV-19/Switzerland/LU-DIA-011441599801/2022","Illumina NovaSeq 6000 sequencing: Raw reads: SPSP1997948","SARS-CoV-2_surveillance","hCoV-19/Switzerland/LU-DIA-011441599801/2022","23643983a3bb5bea976ef49b5559abaf;eab1eb9da16711bd88f58287e139be90;4f687f6a0915182e3a483dbc7d70dd6c","256805;59810889;63254495","ftp.sra.ebi.ac.uk/vol1/fastq/ERR100/026/ERR10010326/ERR10010326.fastq.gz;ftp.sra.ebi.ac.uk/vol1/fastq/ERR100/026/ERR10010326/ERR10010326_1.fastq.gz;ftp.sra.ebi.ac.uk/vol1/fastq/ERR100/026/ERR10010326/ERR10010326_2.fastq.gz","ftp.sra.ebi.ac.uk/vol1/fastq/ERR100/026/ERR10010326/ERR10010326.fastq.gz;ftp.sra.ebi.ac.uk/vol1/fastq/ERR100/026/ERR10010326/ERR10010326_1.fastq.gz;ftp.sra.ebi.ac.uk/vol1/fastq/ERR100/026/ERR10010326/ERR10010326_2.fastq.gz","fasp.sra.ebi.ac.uk:/vol1/fastq/ERR100/026/ERR10010326/ERR10010326.fastq.gz;fasp.sra.ebi.ac.uk:/vol1/fastq/ERR100/026/ERR10010326/ERR10010326_1.fastq.gz;fasp.sra.ebi.ac.uk:/vol1/fastq/ERR100/026/ERR10010326/ERR10010326_2.fastq.gz"
"SRX12412076","data/sra/fastq/SRX12412076_SRR16126677_1.fastq.gz","data/sra/fastq/SRX12412076_SRR16126677_2.fastq.gz","SRR16126677","SRX12412076","SAMN21909225","SRS10379906","PRJNA764181","SRP337649","SRA1303298","TX-HHD-2109286933_R1.fastq.gz","TX-HHD-_2109286933_01","TX-HHD-2109286933","PRJNA764181","PAIRED","PCR","VIRAL RNA","WGS","TX-HHD-_2109286933_01","Illumina MiSeq","ILLUMINA","12487700","41350","2697049","Severe acute respiratory syndrome coronavirus 2","SARS-CoV-2: clinical or host-associated sample from Severe acute respiratory syndrome coronavirus 2","Illumina MiSeq sequencing: Genomic sequencing of SARS-CoV-2: Clinical","Severe acute respiratory syndrome coronavirus 2 Genome sequencing","SARS-CoV-2: clinical or host-associated sample from Severe acute respiratory syndrome coronavirus 2","7c3368eb46c36c5f4941a52e6ab5a6a4;8f0680e8f33b1d57079764f6998852e3","2944939;3121799","ftp.sra.ebi.ac.uk/vol1/fastq/SRR161/077/SRR16126677/SRR16126677_1.fastq.gz;ftp.sra.ebi.ac.uk/vol1/fastq/SRR161/077/SRR16126677/SRR16126677_2.fastq.gz","ftp.sra.ebi.ac.uk/vol1/fastq/SRR161/077/SRR16126677/SRR16126677_1.fastq.gz;ftp.sra.ebi.ac.uk/vol1/fastq/SRR161/077/SRR16126677/SRR16126677_2.fastq.gz","fasp.sra.ebi.ac.uk:/vol1/fastq/SRR161/077/SRR16126677/SRR16126677_1.fastq.gz;fasp.sra.ebi.ac.uk:/vol1/fastq/SRR161/077/SRR16126677/SRR16126677_2.fastq.gz"
"SRX13440143","data/sra/fastq/SRX13440143_SRR17261992_1.fastq.gz","data/sra/fastq/SRX13440143_SRR17261992_2.fastq.gz","SRR17261992","SRX13440143","SAMN24061101","SRS11339563","PRJNA231221","SRP040661","SRA1345086","IL100138693_M00708_20190826_L1_run","IL100138693_M00708_20190826_L1_experiment","FDAARGOS_1652","PRJNA231221","PAIRED","cDNA","VIRAL RNA","WGS","IL100138693","Illumina MiSeq","ILLUMINA","234212314","389057","11082","West Nile virus","Pathogen: clinical or host-associated sample from West Nile virus","Illumina MiSeq paired end sequencing","FDA-ARGOS is a database with public quality-controlled reference genomes for diagnostic use and regulatory science","Pathogen: clinical or host-associated sample from West Nile virus","7bc73802e295a158f5a680a4adf73ee0;ab231a97ede84ce9f61f9936abe2fe65","53388873;67633153","ftp.sra.ebi.ac.uk/vol1/fastq/SRR172/092/SRR17261992/SRR17261992_1.fastq.gz;ftp.sra.ebi.ac.uk/vol1/fastq/SRR172/092/SRR17261992/SRR17261992_2.fastq.gz","ftp.sra.ebi.ac.uk/vol1/fastq/SRR172/092/SRR17261992/SRR17261992_1.fastq.gz;ftp.sra.ebi.ac.uk/vol1/fastq/SRR172/092/SRR17261992/SRR17261992_2.fastq.gz","fasp.sra.ebi.ac.uk:/vol1/fastq/SRR172/092/SRR17261992/SRR17261992_1.fastq.gz;fasp.sra.ebi.ac.uk:/vol1/fastq/SRR172/092/SRR17261992/SRR17261992_2.fastq.gz"
"SRX13440217","data/sra/fastq/SRX13440217_SRR17262066_1.fastq.gz","data/sra/fastq/SRX13440217_SRR17262066_2.fastq.gz","SRR17262066","SRX13440217","SAMN24061087","SRS11339637","PRJNA231221","SRP040661","SRA1345086","IL100138738_M00708_20190826_L1_run","IL100138738_M00708_20190826_L1_experiment","FDAARGOS_1638","PRJNA231221","PAIRED","cDNA","VIRAL RNA","WGS","IL100138738","Illumina MiSeq","ILLUMINA","255282314","424057","11082","West Nile virus","Pathogen: clinical or host-associated sample from West Nile virus","Illumina MiSeq paired end sequencing","FDA-ARGOS is a database with public quality-controlled reference genomes for diagnostic use and regulatory science","Pathogen: clinical or host-associated sample from West Nile virus","5e46e9b57be6bcd1fcb37cdf50377b36;b54836e737994d3dd073edd8bbb2f5b1","56671186;72177070","ftp.sra.ebi.ac.uk/vol1/fastq/SRR172/066/SRR17262066/SRR17262066_1.fastq.gz;ftp.sra.ebi.ac.uk/vol1/fastq/SRR172/066/SRR17262066/SRR17262066_2.fastq.gz","ftp.sra.ebi.ac.uk/vol1/fastq/SRR172/066/SRR17262066/SRR17262066_1.fastq.gz;ftp.sra.ebi.ac.uk/vol1/fastq/SRR172/066/SRR17262066/SRR17262066_2.fastq.gz","fasp.sra.ebi.ac.uk:/vol1/fastq/SRR172/066/SRR17262066/SRR17262066_1.fastq.gz;fasp.sra.ebi.ac.uk:/vol1/fastq/SRR172/066/SRR17262066/SRR17262066_2.fastq.gz"
"SRX13440223","data/sra/fastq/SRX13440223_SRR17262072_1.fastq.gz","data/sra/fastq/SRX13440223_SRR17262072_2.fastq.gz","SRR17262072","SRX13440223","SAMN24061093","SRS11339643","PRJNA231221","SRP040661","SRA1345086","IL100138740_M00708_20190826_L1_run","IL100138740_M00708_20190826_L1_experiment","FDAARGOS_1644","PRJNA231221","PAIRED","cDNA","VIRAL RNA","WGS","IL100138740","Illumina MiSeq","ILLUMINA","331286620","550310","11082","West Nile virus","Pathogen: clinical or host-associated sample from West Nile virus","Illumina MiSeq paired end sequencing","FDA-ARGOS is a database with public quality-controlled reference genomes for diagnostic use and regulatory science","Pathogen: clinical or host-associated sample from West Nile virus","8f592c03681783cef2b11bd35d3f0788;787d52aa77fa79510ba545a7304862e4","74134910;94999650","ftp.sra.ebi.ac.uk/vol1/fastq/SRR172/072/SRR17262072/SRR17262072_1.fastq.gz;ftp.sra.ebi.ac.uk/vol1/fastq/SRR172/072/SRR17262072/SRR17262072_2.fastq.gz","ftp.sra.ebi.ac.uk/vol1/fastq/SRR172/072/SRR17262072/SRR17262072_1.fastq.gz;ftp.sra.ebi.ac.uk/vol1/fastq/SRR172/072/SRR17262072/SRR17262072_2.fastq.gz","fasp.sra.ebi.ac.uk:/vol1/fastq/SRR172/072/SRR17262072/SRR17262072_1.fastq.gz;fasp.sra.ebi.ac.uk:/vol1/fastq/SRR172/072/SRR17262072/SRR17262072_2.fastq.gz"
"SRX13821392","data/sra/fastq/SRX13821392_SRR17653168_1.fastq.gz","data/sra/fastq/SRX13821392_SRR17653168_2.fastq.gz","SRR17653168","SRX13821392","SAMN25064841","SRS11701044","PRJNA737658","SRP329213","SRA1358032","M21179319_R1_dehosted.fastq.gz","M21179319/2021","M21179319","PRJNA737658","PAIRED","RT-PCR","VIRAL RNA","WGS","M21179319/2021","Illumina MiSeq","ILLUMINA","46985918","261856","2697049","Severe acute respiratory syndrome coronavirus 2","SARS-CoV-2: clinical or host-associated sample from Severe acute respiratory syndrome coronavirus 2","Illumina MiSeq sequencing: Genomic sequencing of SARS-CoV-2: Pennsylvania","SARS-CoV-2 WGS: Pennsylvania Department of Health Bureau of Laboratories","SARS-CoV-2: clinical or host-associated sample from Severe acute respiratory syndrome coronavirus 2","540e85d5c7265f86c218fd33f72ac1b3;8ad50fbe59e0264604c33b9839d324a2","13904783;14140006","ftp.sra.ebi.ac.uk/vol1/fastq/SRR176/068/SRR17653168/SRR17653168_1.fastq.gz;ftp.sra.ebi.ac.uk/vol1/fastq/SRR176/068/SRR17653168/SRR17653168_2.fastq.gz","ftp.sra.ebi.ac.uk/vol1/fastq/SRR176/068/SRR17653168/SRR17653168_1.fastq.gz;ftp.sra.ebi.ac.uk/vol1/fastq/SRR176/068/SRR17653168/SRR17653168_2.fastq.gz","fasp.sra.ebi.ac.uk:/vol1/fastq/SRR176/068/SRR17653168/SRR17653168_1.fastq.gz;fasp.sra.ebi.ac.uk:/vol1/fastq/SRR176/068/SRR17653168/SRR17653168_2.fastq.gz"
"SRX1617782","data/sra/fastq/SRX1617782_SRR3209113_1.fastq.gz","data/sra/fastq/SRX1617782_SRR3209113_2.fastq.gz","SRR3209113","SRX1617782","SAMN04363489","SRS1327065","PRJNA257008","SRP052870","SRA379491","LASV001","LASV001","LASV001","PRJNA257008","PAIRED","RANDOM","GENOMIC","WGS","LASV001-LIB-1","Illumina HiSeq 1500","ILLUMINA","2440031800","24400318","3052310","Mammarenavirus lassaense","Lassa Virus Guinea Faranah","Illumina HiSeq 1500 paired end sequencing: Draft genome of Lassa virus Guinea Faranah","Consortium for Microbial Forensics and Genomics (ÂµFORGE): Capturing Global Biodiversity of Pathogens","Lassa Virus Guinea Faranah","90fb43b1db5e6d45630b1a9791d97f87;633207a69806408dd4b4568afb8acab8","1000918113;1026970411","ftp.sra.ebi.ac.uk/vol1/fastq/SRR320/003/SRR3209113/SRR3209113_1.fastq.gz;ftp.sra.ebi.ac.uk/vol1/fastq/SRR320/003/SRR3209113/SRR3209113_2.fastq.gz","ftp.sra.ebi.ac.uk/vol1/fastq/SRR320/003/SRR3209113/SRR3209113_1.fastq.gz;ftp.sra.ebi.ac.uk/vol1/fastq/SRR320/003/SRR3209113/SRR3209113_2.fastq.gz","fasp.sra.ebi.ac.uk:/vol1/fastq/SRR320/003/SRR3209113/SRR3209113_1.fastq.gz;fasp.sra.ebi.ac.uk:/vol1/fastq/SRR320/003/SRR3209113/SRR3209113_2.fastq.gz"
"SRX16990730","data/sra/fastq/SRX16990730_SRR20973040_1.fastq.gz","data/sra/fastq/SRX16990730_SRR20973040_2.fastq.gz","SRR20973040","SRX16990730","SAMN30201838","SRS14576466","PRJNA862948","SRP388446","SRA1471555","Cli56_S1_R1.fastq.gz","Cli56","Cli56","PRJNA862948","PAIRED","RANDOM PCR","GENOMIC","Targeted-Capture","Cli56","Illumina NovaSeq 6000","ILLUMINA","5947474732","20091512","10244","Monkeypox virus","Pathogen: clinical or host-associated sample from Monkeypox virus","Illumina NovaSeq 6000 sequencing: Whole-Genome Sequencing of Monkeypox Virus","Whole-Genome Sequencing of Monkeypox Virus","Pathogen: clinical or host-associated sample from Monkeypox virus","a22411b1b21eea7be34134d7359d51a5;fa79ae28887378cb834ae50d142d21b0","1126541963;1389787438","ftp.sra.ebi.ac.uk/vol1/fastq/SRR209/040/SRR20973040/SRR20973040_1.fastq.gz;ftp.sra.ebi.ac.uk/vol1/fastq/SRR209/040/SRR20973040/SRR20973040_2.fastq.gz","ftp.sra.ebi.ac.uk/vol1/fastq/SRR209/040/SRR20973040/SRR20973040_1.fastq.gz;ftp.sra.ebi.ac.uk/vol1/fastq/SRR209/040/SRR20973040/SRR20973040_2.fastq.gz","fasp.sra.ebi.ac.uk:/vol1/fastq/SRR209/040/SRR20973040/SRR20973040_1.fastq.gz;fasp.sra.ebi.ac.uk:/vol1/fastq/SRR209/040/SRR20973040/SRR20973040_2.fastq.gz"
"SRX17245625","data/sra/fastq/SRX17245625_SRR21236084_1.fastq.gz","data/sra/fastq/SRX17245625_SRR21236084_2.fastq.gz","SRR21236084","SRX17245625","SAMN30526455","SRS14810753","PRJNA862948","SRP388446","SRA1485354","Cli91_S29_L001_R1_001.fastq.gz","Cli91","Cli91","PRJNA862948","PAIRED","RANDOM PCR","GENOMIC","Targeted-Capture","Cli91","NextSeq 2000","ILLUMINA","488326752","1616976","10244","Monkeypox virus","Pathogen: clinical or host-associated sample from Monkeypox virus","NextSeq 2000 sequencing: Whole-Genome Sequencing of Monkeypox Virus","Whole-Genome Sequencing of Monkeypox Virus","Pathogen: clinical or host-associated sample from Monkeypox virus","d76d72223bd2a63940445647b3b7e6c0;6571b916865971433b193f2de6a39263","44474423;44429965","ftp.sra.ebi.ac.uk/vol1/fastq/SRR212/084/SRR21236084/SRR21236084_1.fastq.gz;ftp.sra.ebi.ac.uk/vol1/fastq/SRR212/084/SRR21236084/SRR21236084_2.fastq.gz","ftp.sra.ebi.ac.uk/vol1/fastq/SRR212/084/SRR21236084/SRR21236084_1.fastq.gz;ftp.sra.ebi.ac.uk/vol1/fastq/SRR212/084/SRR21236084/SRR21236084_2.fastq.gz","fasp.sra.ebi.ac.uk:/vol1/fastq/SRR212/084/SRR21236084/SRR21236084_1.fastq.gz;fasp.sra.ebi.ac.uk:/vol1/fastq/SRR212/084/SRR21236084/SRR21236084_2.fastq.gz"
"SRX17527367","data/sra/fastq/SRX17527367_SRR21524979_1.fastq.gz","data/sra/fastq/SRX17527367_SRR21524979_2.fastq.gz","SRR21524979","SRX17527367","SAMN30797797","SRS15076766","PRJNA862948","SRP388446","SRA1494719","Cli187_S9_L001_R1_001.fastq.gz","Cli187","Cli187","PRJNA862948","PAIRED","RANDOM PCR","GENOMIC","Targeted-Capture","Cli187","NextSeq 2000","ILLUMINA","367382094","1216497","10244","Monkeypox virus","Monkeypox virus","NextSeq 2000 sequencing: Whole-Genome Sequencing of Monkeypox Virus","Whole-Genome Sequencing of Monkeypox Virus","Monkeypox virus","e67b59ef3e37fa320a90fadd6b106a21;83f8579f8b7e6a3e91f77bcd37935e5a","28622338;28391629","ftp.sra.ebi.ac.uk/vol1/fastq/SRR215/079/SRR21524979/SRR21524979_1.fastq.gz;ftp.sra.ebi.ac.uk/vol1/fastq/SRR215/079/SRR21524979/SRR21524979_2.fastq.gz","ftp.sra.ebi.ac.uk/vol1/fastq/SRR215/079/SRR21524979/SRR21524979_1.fastq.gz;ftp.sra.ebi.ac.uk/vol1/fastq/SRR215/079/SRR21524979/SRR21524979_2.fastq.gz","fasp.sra.ebi.ac.uk:/vol1/fastq/SRR215/079/SRR21524979/SRR21524979_1.fastq.gz;fasp.sra.ebi.ac.uk:/vol1/fastq/SRR215/079/SRR21524979/SRR21524979_2.fastq.gz"
"SRX18766827","data/sra/fastq/SRX18766827_SRR22807071_1.fastq.gz","data/sra/fastq/SRX18766827_SRR22807071_2.fastq.gz","SRR22807071","SRX18766827","SAMN32238293","SRS16201306","PRJNA824010","SRP367839","SRA1561491","c0177.cleaned.fq","c25","c0177","PRJNA824010","SINGLE","RT-PCR","METAGENOMIC","WGS","c25","Illumina MiSeq","ILLUMINA","48459598","239899","1504969","human blood metagenome","human blood metagenome","Illumina MiSeq sequencing: Human Metagenomics Nigeria","Human Metagenomics Nigeria","human blood metagenome","b0b5aef57f8190fd292b8897c74813c1;cf2508d3bc6879f31786686e32478f7b","14278536;15624539","ftp.sra.ebi.ac.uk/vol1/fastq/SRR228/071/SRR22807071/SRR22807071_1.fastq.gz;ftp.sra.ebi.ac.uk/vol1/fastq/SRR228/071/SRR22807071/SRR22807071_2.fastq.gz","ftp.sra.ebi.ac.uk/vol1/fastq/SRR228/071/SRR22807071/SRR22807071_1.fastq.gz;ftp.sra.ebi.ac.uk/vol1/fastq/SRR228/071/SRR22807071/SRR22807071_2.fastq.gz","fasp.sra.ebi.ac.uk:/vol1/fastq/SRR228/071/SRR22807071/SRR22807071_1.fastq.gz;fasp.sra.ebi.ac.uk:/vol1/fastq/SRR228/071/SRR22807071/SRR22807071_2.fastq.gz"
"SRX18766849","data/sra/fastq/SRX18766849_SRR22807049_1.fastq.gz","data/sra/fastq/SRX18766849_SRR22807049_2.fastq.gz","SRR22807049","SRX18766849","SAMN32238313","SRS16201328","PRJNA824010","SRP367839","SRA1561491","c0211.cleaned.fq","c45","c0211","PRJNA824010","SINGLE","RT-PCR","METAGENOMIC","WGS","c45","Illumina MiSeq","ILLUMINA","124181722","614761","1504969","human blood metagenome","human blood metagenome","Illumina MiSeq sequencing: Human Metagenomics Nigeria","Human Metagenomics Nigeria","human blood metagenome","90c8e06773799c2d127c7ceb9c3cd1ee;e868e412fcd31e795cfbe02137344f08","42263415;46157092","ftp.sra.ebi.ac.uk/vol1/fastq/SRR228/049/SRR22807049/SRR22807049_1.fastq.gz;ftp.sra.ebi.ac.uk/vol1/fastq/SRR228/049/SRR22807049/SRR22807049_2.fastq.gz","ftp.sra.ebi.ac.uk/vol1/fastq/SRR228/049/SRR22807049/SRR22807049_1.fastq.gz;ftp.sra.ebi.ac.uk/vol1/fastq/SRR228/049/SRR22807049/SRR22807049_2.fastq.gz","fasp.sra.ebi.ac.uk:/vol1/fastq/SRR228/049/SRR22807049/SRR22807049_1.fastq.gz;fasp.sra.ebi.ac.uk:/vol1/fastq/SRR228/049/SRR22807049/SRR22807049_2.fastq.gz"
"SRX19260942","data/sra/fastq/SRX19260942_SRR23318345.fastq.gz","","SRR23318345","SRX19260942","SAMN33020987","SRS16663406","PRJNA930694","SRP420642","SRA1583869","ED89.human_removed.fastq","230114FLUTW2BC56","ED89","PRJNA930694","SINGLE","RT-PCR","VIRAL RNA","WGS","230114FLUTW2BC56","GridION","OXFORD_NANOPORE","60495566","103635","11320","Influenza A virus","Pathogen: clinical or host-associated sample from Influenza A virus","GridION sequencing: Nanopore Influenza A Virus WGS from hospital samples","Nanopore Influenza A Virus Whole Genome Sequencing","Pathogen: clinical or host-associated sample from Influenza A virus","bab2c600f398eef7a0a9a3e7748008a9","53434531","ftp.sra.ebi.ac.uk/vol1/fastq/SRR233/045/SRR23318345/SRR23318345_1.fastq.gz","ftp.sra.ebi.ac.uk/vol1/fastq/SRR233/045/SRR23318345/SRR23318345_1.fastq.gz","fasp.sra.ebi.ac.uk:/vol1/fastq/SRR233/045/SRR23318345/SRR23318345_1.fastq.gz"
"SRX19467387","data/sra/fastq/SRX19467387_SRR23580682_1.fastq.gz","data/sra/fastq/SRX19467387_SRR23580682_2.fastq.gz","SRR23580682","SRX19467387","SAMN33404495","SRS16859806","PRJNA862948","SRP388446","SRA1593903","Cli307_Repool_S30_L001.unclassified_1.fastq.gz","Cli307","Cli307","PRJNA862948","PAIRED","RANDOM PCR","GENOMIC","Targeted-Capture","Cli307","NextSeq 2000","ILLUMINA","171054387","582833","10244","Monkeypox virus","Pathogen: clinical or host-associated sample from Monkeypox virus","NextSeq 2000 sequencing: Whole-Genome Sequencing of Monkeypox Virus","Whole-Genome Sequencing of Monkeypox Virus","Pathogen: clinical or host-associated sample from Monkeypox virus","c7b210d1b3e6cf5a2a5a0443e4fe0363;7f7aee4bc21e17ffbdfab8019973561b","27248068;27294007","ftp.sra.ebi.ac.uk/vol1/fastq/SRR235/082/SRR23580682/SRR23580682_1.fastq.gz;ftp.sra.ebi.ac.uk/vol1/fastq/SRR235/082/SRR23580682/SRR23580682_2.fastq.gz","ftp.sra.ebi.ac.uk/vol1/fastq/SRR235/082/SRR23580682/SRR23580682_1.fastq.gz;ftp.sra.ebi.ac.uk/vol1/fastq/SRR235/082/SRR23580682/SRR23580682_2.fastq.gz","fasp.sra.ebi.ac.uk:/vol1/fastq/SRR235/082/SRR23580682/SRR23580682_1.fastq.gz;fasp.sra.ebi.ac.uk:/vol1/fastq/SRR235/082/SRR23580682/SRR23580682_2.fastq.gz"
"SRX20230124","data/sra/fastq/SRX20230124_SRR24442882_1.fastq.gz","data/sra/fastq/SRX20230124_SRR24442882_2.fastq.gz","SRR24442882","SRX20230124","SAMN09943710","SRS17551537","PRJNA436552","SRP435170","SRA1633023","d18_0166.cleaned.bam","LASV0140-EDO-2018","LASV0140-EDO-2018","PRJNA436552","PAIRED","RT-PCR","METAGENOMIC","WGS","LASV0140-EDO-2018","Illumina HiSeq 2500","ILLUMINA","177028558","1752758","3052310","Mammarenavirus lassaense","Pathogen: clinical or host-associated sample from Lassa mammarenavirus","Illumina HiSeq 2500 sequencing: WGS:blood plasma","Lassa virus patient sequencing","Pathogen: clinical or host-associated sample from Lassa mammarenavirus","e3af7ab8561061317c5a606cce33c98f;d3fff368de9613cac30abd07cedb016d","40097054;39469488","ftp.sra.ebi.ac.uk/vol1/fastq/SRR244/082/SRR24442882/SRR24442882_1.fastq.gz;ftp.sra.ebi.ac.uk/vol1/fastq/SRR244/082/SRR24442882/SRR24442882_2.fastq.gz","ftp.sra.ebi.ac.uk/vol1/fastq/SRR244/082/SRR24442882/SRR24442882_1.fastq.gz;ftp.sra.ebi.ac.uk/vol1/fastq/SRR244/082/SRR24442882/SRR24442882_2.fastq.gz","fasp.sra.ebi.ac.uk:/vol1/fastq/SRR244/082/SRR24442882/SRR24442882_1.fastq.gz;fasp.sra.ebi.ac.uk:/vol1/fastq/SRR244/082/SRR24442882/SRR24442882_2.fastq.gz"
"SRX21588694","data/sra/fastq/SRX21588694_SRR25867284_1.fastq.gz","data/sra/fastq/SRX21588694_SRR25867284_2.fastq.gz","SRR25867284","SRX21588694","SAMN37223749","SRS18766294","PRJNA1011558","SRP457950","SRA1703649","8445_S56_L001_R1_001.fastq.gz","CPHL 5","K5","PRJNA1011558","PAIRED","RANDOM","VIRAL RNA","WGS","CPHL 5","Illumina MiSeq","ILLUMINA","74043242","256731","2697049","Severe acute respiratory syndrome coronavirus 2","SARS-CoV-2: clinical or host-associated sample from Severe acute respiratory syndrome coronavirus 2","Illumina MiSeq sequencing: nasal swap","Severe acute respiratory syndrome coronavirus 2","SARS-CoV-2: clinical or host-associated sample from Severe acute respiratory syndrome coronavirus 2","5b44ba855d927eedd65c66c65b630317;7c83d154f1363ba9ccf8907961d88b45","12908951;13104579","ftp.sra.ebi.ac.uk/vol1/fastq/SRR258/084/SRR25867284/SRR25867284_1.fastq.gz;ftp.sra.ebi.ac.uk/vol1/fastq/SRR258/084/SRR25867284/SRR25867284_2.fastq.gz","ftp.sra.ebi.ac.uk/vol1/fastq/SRR258/084/SRR25867284/SRR25867284_1.fastq.gz;ftp.sra.ebi.ac.uk/vol1/fastq/SRR258/084/SRR25867284/SRR25867284_2.fastq.gz","fasp.sra.ebi.ac.uk:/vol1/fastq/SRR258/084/SRR25867284/SRR25867284_1.fastq.gz;fasp.sra.ebi.ac.uk:/vol1/fastq/SRR258/084/SRR25867284/SRR25867284_2.fastq.gz"
"SRX23148725","data/sra/fastq/SRX23148725_SRR27477368_1.fastq.gz","data/sra/fastq/SRX23148725_SRR27477368_2.fastq.gz","SRR27477368","SRX23148725","SAMN39328239","SRS20099418","PRJNA1063190","SRP482829","SRA1782417","c3_dep_S34_R1_001.fastq.gz","C3_dep","C3_dep","PRJNA1063190","PAIRED","RANDOM","METAGENOMIC","RNA-Seq","C3_dep","NextSeq 2000","ILLUMINA","5884130672","29743877","3052518","Orthonairovirus haemorrhagiae","Pathogen: clinical or host-associated sample from Orthonairovirus haemorrhagiae","NextSeq 2000 sequencing: Metagenomic sequencing of Orthonairovirus haemorrhagiae from human spleen","Metagenomic sequencing of Orthonairovirus haemorrhagiae from human spleen","Pathogen: clinical or host-associated sample from Orthonairovirus haemorrhagiae","b3b1bd58d2556997ab63dfedf7631e9c;07170910d1f7b43e5bff2d810441bba4","782568173;793212436","ftp.sra.ebi.ac.uk/vol1/fastq/SRR274/068/SRR27477368/SRR27477368_1.fastq.gz;ftp.sra.ebi.ac.uk/vol1/fastq/SRR274/068/SRR27477368/SRR27477368_2.fastq.gz","ftp.sra.ebi.ac.uk/vol1/fastq/SRR274/068/SRR27477368/SRR27477368_1.fastq.gz;ftp.sra.ebi.ac.uk/vol1/fastq/SRR274/068/SRR27477368/SRR27477368_2.fastq.gz","fasp.sra.ebi.ac.uk:/vol1/fastq/SRR274/068/SRR27477368/SRR27477368_1.fastq.gz;fasp.sra.ebi.ac.uk:/vol1/fastq/SRR274/068/SRR27477368/SRR27477368_2.fastq.gz"
"SRX24583791","data/sra/fastq/SRX24583791_SRR29059102_1.fastq.gz","data/sra/fastq/SRX24583791_SRR29059102_2.fastq.gz","SRR29059102","SRX24583791","SAMN41039922","SRS21323553","PRJNA732685","SRP437148","SRA1868040","hCoV-19-TN-SPHL-21833-2023_1.fastq.gz","SARS-CoV-2/Human/USA/TN-SPHL-21833/2023","SARS-CoV-2/Human/USA/TN-SPHL-21833/2023","PRJNA732685","PAIRED","RANDOM","GENOMIC","WGS","SARS-CoV-2/Human/USA/TN-SPHL-21833/2023","Illumina MiSeq","ILLUMINA","14676497","36862","2697049","Severe acute respiratory syndrome coronavirus 2","SARS-CoV-2: clinical or host-associated sample from Severe acute respiratory syndrome coronavirus 2","Illumina MiSeq sequencing: Illumina Sequencing of SARS-CoV-2/Human/USA/TN-SPHL-21833/2023","Severe acute respiratory syndrome coronavirus 2 Genome sequencing","SARS-CoV-2: clinical or host-associated sample from Severe acute respiratory syndrome coronavirus 2","b6d63f911fe367fca1122ceb763c9a27;80e72956caae36fe685b8be135b075bb","2148423;2115389","ftp.sra.ebi.ac.uk/vol1/fastq/SRR290/002/SRR29059102/SRR29059102_1.fastq.gz;ftp.sra.ebi.ac.uk/vol1/fastq/SRR290/002/SRR29059102/SRR29059102_2.fastq.gz","ftp.sra.ebi.ac.uk/vol1/fastq/SRR290/002/SRR29059102/SRR29059102_1.fastq.gz;ftp.sra.ebi.ac.uk/vol1/fastq/SRR290/002/SRR29059102/SRR29059102_2.fastq.gz","fasp.sra.ebi.ac.uk:/vol1/fastq/SRR290/002/SRR29059102/SRR29059102_1.fastq.gz;fasp.sra.ebi.ac.uk:/vol1/fastq/SRR290/002/SRR29059102/SRR29059102_2.fastq.gz"
"SRX24653055","data/sra/fastq/SRX24653055_SRR29129354_1.fastq.gz","data/sra/fastq/SRX24653055_SRR29129354_2.fastq.gz","SRR29129354","SRX24653055","SAMN34543994","SRS21388755","PRJNA749781","SRP446846","SRA1874455","WA-PHL-017891_R1.fastq.gz","WA-PHL-017891","SAMN34543994","PRJNA749781","PAIRED","PCR","VIRAL RNA","WGS","WA-PHL-017891","NextSeq 2000","ILLUMINA","301420711","2019535","2697049","Severe acute respiratory syndrome coronavirus 2","SARS-CoV2 Submission","NextSeq 2000 sequencing: Baseline surveillance (random sampling) of severe acute respiratory syndrome coronavirus 2","SARS-CoV-2 WGS: Washington Public Health Laboratory","SARS-CoV2 Submission","ce708d601e47d9e5a6e538ba0a4e7b11;0ca1af5f07992449dd0c6086ab084556","73802267;75015405","ftp.sra.ebi.ac.uk/vol1/fastq/SRR291/054/SRR29129354/SRR29129354_1.fastq.gz;ftp.sra.ebi.ac.uk/vol1/fastq/SRR291/054/SRR29129354/SRR29129354_2.fastq.gz","ftp.sra.ebi.ac.uk/vol1/fastq/SRR291/054/SRR29129354/SRR29129354_1.fastq.gz;ftp.sra.ebi.ac.uk/vol1/fastq/SRR291/054/SRR29129354/SRR29129354_2.fastq.gz","fasp.sra.ebi.ac.uk:/vol1/fastq/SRR291/054/SRR29129354/SRR29129354_1.fastq.gz;fasp.sra.ebi.ac.uk:/vol1/fastq/SRR291/054/SRR29129354/SRR29129354_2.fastq.gz"
"SRX26211983","data/sra/fastq/SRX26211983_SRR30811281_1.fastq.gz","data/sra/fastq/SRX26211983_SRR30811281_2.fastq.gz","SRR30811281","SRX26211983","SAMN43929849","SRS22755025","PRJNA1102327","SRP503016","SRA1980302","24-026360-010-original_S127_R1_001.fastq.gz","24-026360-010-original","24-026360-010","PRJNA1102327","PAIRED","RANDOM","VIRAL RNA","WGS","24-026360-010-original","NextSeq 2000","ILLUMINA","223961221","754973","11320","Influenza A virus","Viral sample from Influenza A virus","NextSeq 2000 sequencing: WGS of H5N1","U.S. H5N1 clade 2.3.4.4b genotype B3.13 immediate releases related to emergence and spread in dairy cattle","Viral sample from Influenza A virus","912c25dfd494eefbae7d283bb5a90b65;888098e9ad071d1e830c7a0ac14e4705","38577334;40579203","ftp.sra.ebi.ac.uk/vol1/fastq/SRR308/081/SRR30811281/SRR30811281_1.fastq.gz;ftp.sra.ebi.ac.uk/vol1/fastq/SRR308/081/SRR30811281/SRR30811281_2.fastq.gz","ftp.sra.ebi.ac.uk/vol1/fastq/SRR308/081/SRR30811281/SRR30811281_1.fastq.gz;ftp.sra.ebi.ac.uk/vol1/fastq/SRR308/081/SRR30811281/SRR30811281_2.fastq.gz","fasp.sra.ebi.ac.uk:/vol1/fastq/SRR308/081/SRR30811281/SRR30811281_1.fastq.gz;fasp.sra.ebi.ac.uk:/vol1/fastq/SRR308/081/SRR30811281/SRR30811281_2.fastq.gz"
"SRX27181532","data/sra/fastq/SRX27181532_SRR31821236_1.fastq.gz","data/sra/fastq/SRX27181532_SRR31821236_2.fastq.gz","SRR31821236","SRX27181532","SAMN45953575","SRS23633757","PRJNA1102327","SRP503016","SRA2040783","24-037225-022-original_S180_R1_001.fastq.gz","24-037225-022-original","","PRJNA1102327","PAIRED","RANDOM","VIRAL RNA","WGS","24-037225-022-original","NextSeq 2000","ILLUMINA","136469855","461940","","","","NextSeq 2000 sequencing: WGS of H5N1","U.S. H5N1 clade 2.3.4.4b genotype B3.13 immediate releases related to emergence and spread in dairy cattle","","b596a0285270b95667ce6c6a3ef9de6e;cdfca1c66ca77c24a7df0aa5567568a1","22779645;24368284","ftp.sra.ebi.ac.uk/vol1/fastq/SRR318/036/SRR31821236/SRR31821236_1.fastq.gz;ftp.sra.ebi.ac.uk/vol1/fastq/SRR318/036/SRR31821236/SRR31821236_2.fastq.gz","ftp.sra.ebi.ac.uk/vol1/fastq/SRR318/036/SRR31821236/SRR31821236_1.fastq.gz;ftp.sra.ebi.ac.uk/vol1/fastq/SRR318/036/SRR31821236/SRR31821236_2.fastq.gz","fasp.sra.ebi.ac.uk:/vol1/fastq/SRR318/036/SRR31821236/SRR31821236_1.fastq.gz;fasp.sra.ebi.ac.uk:/vol1/fastq/SRR318/036/SRR31821236/SRR31821236_2.fastq.gz"
"SRX27284000","data/sra/fastq/SRX27284000_SRR31926596_1.fastq.gz","data/sra/fastq/SRX27284000_SRR31926596_2.fastq.gz","SRR31926596","SRX27284000","SAMN46122171","SRS23727276","PRJNA1052714","SRP497892","SRA2046899","USA-MA-Broad_MGH-21764-2024.lDN_B20_G6.HJC2FDRX5.1.bam","USA-MA-Broad_MGH-21764-2024.lDN_B20_G6","USA/MA-Broad_MGH-21764/2024","PRJNA1052714","PAIRED","RANDOM PCR","VIRAL RNA","WGS","USA-MA-Broad_MGH-21764-2024.lDN_B20_G6","Illumina NovaSeq 6000","ILLUMINA","2938100922","9728811","11250","human respiratory syncytial virus","","Illumina NovaSeq 6000 sequencing: Metagenomic RNA sequencing from clinical respiratory disease","Metagenomic RNA sequencing from clinical respiratory disease","","01a7c8abe4bf393349e249a182ccd7e7;8c8edd29175a5a0c76b9024f029bc33f","470261207;520411240","ftp.sra.ebi.ac.uk/vol1/fastq/SRR319/096/SRR31926596/SRR31926596_1.fastq.gz;ftp.sra.ebi.ac.uk/vol1/fastq/SRR319/096/SRR31926596/SRR31926596_2.fastq.gz","ftp.sra.ebi.ac.uk/vol1/fastq/SRR319/096/SRR31926596/SRR31926596_1.fastq.gz;ftp.sra.ebi.ac.uk/vol1/fastq/SRR319/096/SRR31926596/SRR31926596_2.fastq.gz","fasp.sra.ebi.ac.uk:/vol1/fastq/SRR319/096/SRR31926596/SRR31926596_1.fastq.gz;fasp.sra.ebi.ac.uk:/vol1/fastq/SRR319/096/SRR31926596/SRR31926596_2.fastq.gz"
"SRX27315411","data/sra/fastq/SRX27315411_SRR31960004_1.fastq.gz","data/sra/fastq/SRX27315411_SRR31960004_2.fastq.gz","SRR31960004","SRX27315411","SAMN46200687","SRS23755356","PRJNA980729","SRP441379","SRA2049098","24-037793-001-original_S17_R1_001.fastq.gz","24-037793-001-original","24-037793-001","PRJNA980729","PAIRED","RANDOM","VIRAL RNA","WGS","24-037793-001-original","NextSeq 2000","ILLUMINA","136300995","461666","11320","Influenza A virus","Viral sample from Influenza A virus","NextSeq 2000 sequencing: WGS of H5N1","US HPAI Sequencing","Viral sample from Influenza A virus","75b6edc4cbbefa9c84d8f481e62937ee;0d4b87c7854ff412bd79965bc3f62837","23014155;25754730","ftp.sra.ebi.ac.uk/vol1/fastq/SRR319/004/SRR31960004/SRR31960004_1.fastq.gz;ftp.sra.ebi.ac.uk/vol1/fastq/SRR319/004/SRR31960004/SRR31960004_2.fastq.gz","ftp.sra.ebi.ac.uk/vol1/fastq/SRR319/004/SRR31960004/SRR31960004_1.fastq.gz;ftp.sra.ebi.ac.uk/vol1/fastq/SRR319/004/SRR31960004/SRR31960004_2.fastq.gz","fasp.sra.ebi.ac.uk:/vol1/fastq/SRR319/004/SRR31960004/SRR31960004_1.fastq.gz;fasp.sra.ebi.ac.uk:/vol1/fastq/SRR319/004/SRR31960004/SRR31960004_2.fastq.gz"
"SRX27887901","data/sra/fastq/SRX27887901_SRR32579588_1.fastq.gz","data/sra/fastq/SRX27887901_SRR32579588_2.fastq.gz","SRR32579588","SRX27887901","SAMN47202789","SRS24259414","PRJNA1052714","SRP497892","SRA2088832","USA-MA-Broad_MGH-23058-2025.lNDM_G8","USA-MA-Broad_MGH-23058-2025.lNDM_G8","USA/MA-Broad_MGH-23058/2025","PRJNA1052714","PAIRED","RANDOM PCR","VIRAL RNA","WGS","USA-MA-Broad_MGH-23058-2025.lNDM_G8","Illumina NovaSeq 6000","ILLUMINA","4749261900","31661746","11250","human respiratory syncytial virus","","Illumina NovaSeq 6000 sequencing: Metagenomic RNA sequencing from clinical respiratory disease","Metagenomic RNA sequencing from clinical respiratory disease","","1a0872cae4c6aa465f0016d7e3370b3e;207a336fa778a581dfe943bb5a0d5ccc","938458936;1082224673","ftp.sra.ebi.ac.uk/vol1/fastq/SRR325/088/SRR32579588/SRR32579588_1.fastq.gz;ftp.sra.ebi.ac.uk/vol1/fastq/SRR325/088/SRR32579588/SRR32579588_2.fastq.gz","ftp.sra.ebi.ac.uk/vol1/fastq/SRR325/088/SRR32579588/SRR32579588_1.fastq.gz;ftp.sra.ebi.ac.uk/vol1/fastq/SRR325/088/SRR32579588/SRR32579588_2.fastq.gz","fasp.sra.ebi.ac.uk:/vol1/fastq/SRR325/088/SRR32579588/SRR32579588_1.fastq.gz;fasp.sra.ebi.ac.uk:/vol1/fastq/SRR325/088/SRR32579588/SRR32579588_2.fastq.gz"
"SRX28439211","data/sra/fastq/SRX28439211_SRR33191567_1.fastq.gz","data/sra/fastq/SRX28439211_SRR33191567_2.fastq.gz","SRR33191567","SRX28439211","SAMN47996043","SRS24761079","PRJNA1052714","SRP497892","SRA2113947","USA-MA-Broad_BWH-23335-2024.l000013260503_H8","USA-MA-Broad_BWH-23335-2024.l000013260503_H8","USA/MA-Broad_BWH-23335/2024","PRJNA1052714","PAIRED","RANDOM PCR","VIRAL RNA","WGS","USA-MA-Broad_BWH-23335-2024.l000013260503_H8","Illumina NovaSeq 6000","ILLUMINA","3433130400","11443768","2489051","human viral metagenome","","Illumina NovaSeq 6000 sequencing: Metagenomic RNA sequencing from clinical respiratory disease","Metagenomic RNA sequencing from clinical respiratory disease","","66514e77b84808eb0e30494e5445dd04;fb00706c58c288387eeab37917113f99","675070065;720692472","ftp.sra.ebi.ac.uk/vol1/fastq/SRR331/067/SRR33191567/SRR33191567_1.fastq.gz;ftp.sra.ebi.ac.uk/vol1/fastq/SRR331/067/SRR33191567/SRR33191567_2.fastq.gz","ftp.sra.ebi.ac.uk/vol1/fastq/SRR331/067/SRR33191567/SRR33191567_1.fastq.gz;ftp.sra.ebi.ac.uk/vol1/fastq/SRR331/067/SRR33191567/SRR33191567_2.fastq.gz","fasp.sra.ebi.ac.uk:/vol1/fastq/SRR331/067/SRR33191567/SRR33191567_1.fastq.gz;fasp.sra.ebi.ac.uk:/vol1/fastq/SRR331/067/SRR33191567/SRR33191567_2.fastq.gz"
"SRX6755149","data/sra/fastq/SRX6755149_SRR10017190_1.fastq.gz","data/sra/fastq/SRX6755149_SRR10017190_2.fastq.gz","SRR10017190","SRX6755149","SAMN11077966","SRS5304392","PRJNA231221","SRP040661","SRA949279","IL100092357_M01994_20170901_L1_run","IL100092357_M01994_20170901_L1_experiment","FDAARGOS_821","PRJNA231221","PAIRED","cDNA","VIRAL RNA","WGS","IL100092357","Illumina MiSeq","ILLUMINA","566644540","941270","11082","West Nile virus","Pathogen: clinical or host-associated sample from West Nile virus","Illumina MiSeq paired end sequencing","FDA-ARGOS is a database with public quality-controlled reference genomes for diagnostic use and regulatory science","WNV","6dc96a3610abb4b446d5888660616f54;cfb0c4140a12cb7ad9b31c44deb41c15","145128155;164940023","ftp.sra.ebi.ac.uk/vol1/fastq/SRR100/090/SRR10017190/SRR10017190_1.fastq.gz;ftp.sra.ebi.ac.uk/vol1/fastq/SRR100/090/SRR10017190/SRR10017190_2.fastq.gz","ftp.sra.ebi.ac.uk/vol1/fastq/SRR100/090/SRR10017190/SRR10017190_1.fastq.gz;ftp.sra.ebi.ac.uk/vol1/fastq/SRR100/090/SRR10017190/SRR10017190_2.fastq.gz","fasp.sra.ebi.ac.uk:/vol1/fastq/SRR100/090/SRR10017190/SRR10017190_1.fastq.gz;fasp.sra.ebi.ac.uk:/vol1/fastq/SRR100/090/SRR10017190/SRR10017190_2.fastq.gz"
"SRX6755613","data/sra/fastq/SRX6755613_SRR10017654_1.fastq.gz","data/sra/fastq/SRX6755613_SRR10017654_2.fastq.gz","SRR10017654","SRX6755613","SAMN11077987","SRS5304695","PRJNA231221","SRP040661","SRA949279","IL100097569_M00708_20180129_L1_run","IL100097569_M00708_20180129_L1_experiment","FDAARGOS_842","PRJNA231221","PAIRED","cDNA","VIRAL RNA","WGS","IL100097569","Illumina MiSeq","ILLUMINA","262828986","436593","3052518","Orthonairovirus haemorrhagiae","Pathogen: clinical or host-associated sample from Crimean-Congo hemorrhagic fever orthonairovirus","Illumina MiSeq paired end sequencing","FDA-ARGOS is a database with public quality-controlled reference genomes for diagnostic use and regulatory science","CCHFV","7fd32a8183e3a7ff02c2c3818e15f5ff;1e99e38a796a4bf08b86674ed4d6b303","72047923;89335908","ftp.sra.ebi.ac.uk/vol1/fastq/SRR100/054/SRR10017654/SRR10017654_1.fastq.gz;ftp.sra.ebi.ac.uk/vol1/fastq/SRR100/054/SRR10017654/SRR10017654_2.fastq.gz","ftp.sra.ebi.ac.uk/vol1/fastq/SRR100/054/SRR10017654/SRR10017654_1.fastq.gz;ftp.sra.ebi.ac.uk/vol1/fastq/SRR100/054/SRR10017654/SRR10017654_2.fastq.gz","fasp.sra.ebi.ac.uk:/vol1/fastq/SRR100/054/SRR10017654/SRR10017654_1.fastq.gz;fasp.sra.ebi.ac.uk:/vol1/fastq/SRR100/054/SRR10017654/SRR10017654_2.fastq.gz"